ETABLISSEMENTS;TYPE ETABLISSEMENTS;SUPERFICIE TOTALE;SUPERFICIE BATIE;SUPERFICIE LIBRE;RECETTE FRAIS ETUDES;RECETTE TOTALE;DEPENSES PERSONNEL;DEPENSES NOURRITURE;DEPENSES FRAIS SERVICE;DEPENSES TOTAL;ELEVE INTERNE BOURSE NATIONALE;ELEVE INTERNE BOURSE DEPARTEMENTALE;ELEVE INTERNE BOURSE COMMUNALE;ELEVE INTERNE PENSION LIBRE;ELEVE INTERNE DEMI-PENSIONNAIRE;ELEVE INTERNES TOTAL;ELEVE EXTERNES LIBRE;ELEVE EXTERNES TOTAL;ELEVE CLASSIQUE MATHEMATIQUES ELEMENTAIRE;ELEVE CLASSIQUE PHILOSOPHIE NOUVEAU;ELEVE CLASSIQUE PHILOSOPHIE VETERAN;ELEVE CLASSIQUE RHETORIQUE NOUVEAU;ELEVE CLASSIQUE RHETORIQUE VETERAN;ELEVE EN CLASSIQUE 2;ELEVE EN CLASSIQUE 3;ELEVE EN CLASSIQUE 4;ELEVE EN CLASSIQUE 5;ELEVE EN CLASSIQUE 6;ELEVE EN CLASSIQUE 7;ELEVE EN CLASSIQUE 8;ELEVE CLASSIQUE CLASSE PRIMAIRE;ELEVE CLASSIQUE TOTAL;ELEVE ENSEIGNEMENT SPECIAL 1;ELEVE ENSEIGNEMENT SPECIAL 2;ELEVE ENSEIGNEMENT SPECIAL 3;ELEVE ENSEIGNEMENT SPECIAL 4;ELEVE ENSEIGNEMENT SPECIAL 5;ELEVE ENSEIGNEMENT SPECIAL 6;ELEVE ENSEIGNEMENT SPECIAL TOTAL;ELEVE TOTAL GENERAL
ROLLIN;college;15680;6976;8704;154097;971742;519547.39000000001;204030.88;248163.51000000001;971742;0;2;59;274;269;604;639;677;108;42;3;35;2;43;84;101;84;84;111;90;120;864;105;105;87;0;0;0;297;1281
BEAUVAIS;college;11000;2970;8030;12239.25;175824;73297.5;59247.25;43279.709999999999;175824;22;0;6;134;11;174;102;125;28;10;1;13;2;8;24;21;29;17;17;16;21;186;25;33;20;6;5;3;92;299
BLOIS;college;4800;1480;3320;7216.0500000000002;115304;65247.129999999997;29679.759999999998;20376.790000000001;115304;16;6;1;38;17;78;102;102;9;0;2;2;1;8;8;9;8;12;15;18;31;92;23;13;11;4;0;6;57;180
CHALONS-SUR-MARNE;college;7440;2957;4483;13848;98576;49740.480000000003;38082.739999999998;13653.82;101477;7;6;0;37;10;60;160;161;24;4;1;6;3;6;14;12;4;21;17;21;37;133;20;13;17;1;0;0;51;221
CHATEAUDUN;college;2079;854;1225;4000;46991;25140;16000;3500;44640;4;3;0;29;3;39;68;68;9;2;0;2;0;5;6;5;6;7;4;8;20;54;10;15;8;0;0;0;33;107
CLERMONT;college;6096;419;5677;1674.4000000000001;31301;18096.59;8300;3732;30129;6;0;0;13;1;20;50;50;4;0;0;0;0;0;0;2;4;2;9;4;27;25;10;4;3;1;0;0;18;70
COMPIEGNE;college;8870;2564;6306;11182.5;150873;66650.020000000004;56692.129999999997;27530.57;150873;13;0;0;117;7;137;125;125;12;6;0;7;0;8;8;18;18;12;14;17;37;120;36;30;29;6;4;0;105;262
COULOMMIERS;college;12514;2319;10195;9000;100500;29300;38600;27200;95100;12;1;0;83;7;103;53;54;12;1;0;6;2;3;8;16;10;11;17;11;15;97;15;17;7;6;0;0;45;157
DREUX;college;7000;1500;5500;11213.25;86936;45485;24685;12540.35;82710;15;5;0;67;4;91;53;53;9;5;0;4;0;3;3;9;13;7;19;13;14;85;25;11;6;3;0;0;45;144
EPERNAY;college;3020;1116;1904;15000;82965;47200;30000;4000;81200;12;8;0;26;11;57;147;148;4;6;0;3;0;5;7;14;16;12;22;16;40;105;20;21;10;4;3;2;60;205
ETAMPES;college;4885;2236;2649;6885;77285;29700;35000;3000;67700;9;1;0;72;10;92;47;47;17;3;0;5;0;4;9;12;11;12;15;6;5;94;8;11;12;6;3;0;40;139
FONTAINEBLEAU;college;15000;1600;13400;11840;81550;48350;19830;9000;77180;17;0;0;33;10;60;73;84;12;3;4;1;0;6;6;10;14;12;23;10;16;101;9;8;10;0;0;0;27;144
MEAUX;college;11214.219999999999;2251.9899999999998;8962.2299999999996;10489.1;161465;72061.259999999995;55108.169999999998;33991.059999999998;161160;25;8;1;146;17;199;88;98;18;3;1;10;4;13;15;14;22;27;9;9;38;145;20;33;29;21;6;5;114;297
MELUN;college;13000;3784;9216;4920;192929;91716;60343;40870;192929;28;19;4;135;19;205;50;64;21;7;0;9;0;9;10;12;12;20;19;12;16;131;30;51;24;10;3;4;122;269
MONTARGIS;college;3036;836;2200;3080;55570;28900;21500;3900;54300;10;0;0;45;18;73;83;83;9;1;0;0;1;4;6;12;5;5;18;16;27;77;34;10;8;0;0;0;52;156
NOGENT-LE-ROTROU;college;15000;3000;12000;3250;72780;27100;36000;5300;68400;7;5;0;64;27;103;66;72;17;2;0;1;3;5;0;5;10;8;13;15;43;79;20;24;6;3;0;0;53;175
PONTOISE;college;2744;560;2184;5000;60220;19800;33000;4000;56800;9;1;0;54;15;79;47;56;8;1;0;5;0;0;9;5;9;8;0;0;41;45;20;14;15;0;0;0;49;135
PROVINS;college;12733;1460;11273;5000;55750;21300;20500;8300;50100;10;0;1;35;5;51;49;58;19;2;0;5;0;1;1;4;4;6;6;7;15;55;0;25;11;3;0;0;39;109
ROMORANTIN;college;2397.5;456.94;1940.5599999999999;2860;28320;16650;7960;1800;26410;2;4;2;11;4;23;56;59;3;0;0;0;0;0;3;5;0;6;0;0;41;17;9;5;7;3;0;0;24;82
SAINT-AMAND;college;2236;456;1780;500;25370;16300;6600;1464;24364;4;1;0;13;0;18;64;70;0;0;0;0;0;0;0;0;6;2;25;0;22;33;13;9;7;4;0;0;33;88
SAINTE-MENEHOULD;college;1288;600;688;7743;34326;18003.330000000002;13210;2232.6300000000001;33446;1;2;0;30;2;35;56;60;5;0;0;0;0;0;0;6;4;5;13;0;17;33;19;12;9;2;2;1;45;95
SANCERRE;college;706;376;330;280;12080;7280;4200;600;12080;0;1;0;6;1;8;12;14;0;0;0;0;0;0;0;0;0;0;0;0;12;0;2;4;4;0;0;0;10;22
SEZANNE;college;2062;892;1170;3700;36600;18800;13000;4700;36500;1;3;0;28;3;35;58;63;9;0;0;0;0;0;0;0;1;5;11;16;20;42;12;15;9;0;0;0;36;98
VITRY-LE-FRANC(G);college;NA;NA;NA;6871.5;9397371;44923.330000000002;25546.349999999999;14660.280000000001;8513096;8;9;0;39;5;65;96;96;3;4;0;4;0;6;8;6;11;11;8;8;44;69;9;16;8;8;6;1;48;161
AJACCIO;college;3842.23;1221;2621.23;16332;145761;78650;45441;14640;138731;49;7;0;87;9;152;367;367;61;6;8;10;4;16;23;24;30;39;40;29;57;290;31;56;42;43;0;0;172;519
ANTIBES;college;1430;340;1090;4050;19960;16600;900;860;18360;4;1;0;1;0;6;68;70;0;0;0;0;0;0;0;0;0;0;0;0;40;0;16;12;5;3;0;0;36;76
APT;college;9900;1638;8262;5410;31490;20190;9810;500;30500;2;0;0;31;3;36;48;48;16;0;0;0;0;0;0;0;0;0;0;0;21;16;22;14;11;0;0;0;47;84
ARLES;college;1957;1307;650;6757;45853;33500;9000;2550;45050;4;1;0;13;4;22;87;97;4;1;1;2;0;2;1;4;3;4;20;19;19;61;9;13;15;0;2;0;39;119
BARCELONNETTE;college;2540;540;2000;5575.75;31700;23820;7400;300;31520;0;0;0;23;2;25;91;105;2;2;0;0;0;3;5;5;4;5;7;12;24;45;32;18;11;0;0;0;61;130
CALVI;college;234;234;NA;345;9820;8240;580;840;9660;0;0;0;1;0;1;9;19;0;0;0;0;0;0;0;0;1;0;8;0;0;9;0;8;3;0;0;0;11;20
CARPENTRAS(G);college;4786;2173;2613;4695;52645;36270;9400;5925;51595;7;0;0;30;1;38;109;110;23;2;0;6;2;2;7;4;11;19;10;7;17;93;27;11;0;0;0;0;38;148
CORTE;college;420;420;NA;NA;27200;25300;NA;1900;27200;0;0;0;0;0;0;13;85;0;0;0;0;0;0;0;0;0;0;13;10;16;23;17;15;6;5;3;0;46;85
DRAGUIGNAN;college;1693.5999999999999;926.55999999999995;767.03999999999996;12000;78800;43000;25600;9000;77600;10;18;0;46;1;75;101;101;6;3;0;1;3;4;11;17;14;9;24;18;22;110;14;18;9;3;0;0;44;176
GRASSE;college;1190;470;720;8740.1499999999996;51132;32311.57;13300;3680;49292;0;4;0;26;6;36;95;108;2;2;0;0;1;3;3;3;9;4;15;17;43;59;14;10;13;5;0;0;42;144
MANOSQUE;college;2111;756;1355;NA;24580;17300;6220;600;24120;0;0;0;17;8;25;0;59;0;0;0;0;0;0;0;0;0;0;0;0;34;0;22;15;9;4;0;0;50;84
MENTON;college;5338.9099999999999;1500.99;3837.9200000000001;6760;31790;28500;1840;1449.8;31790;0;2;0;6;5;13;102;103;5;0;0;0;0;0;0;3;5;4;7;13;56;37;11;7;5;0;0;0;23;116
ORANGE;college;3700;1080;2620;4945.75;34368;25468;6304;1385;33157;2;0;0;14;4;20;57;60;6;0;0;5;2;4;5;4;8;6;7;6;9;53;5;8;5;0;0;0;18;80
PERTUIS;college;2486;348;2138;2150.5;16420;15500;NA;1670;17170;0;0;0;0;0;0;49;55;0;0;0;0;0;0;0;0;5;0;0;0;30;5;10;7;3;0;0;0;20;55
SEYNE-LES-ALPES;college;1755;390;1365;1820;13783;10900;1747.5;450;13098;0;0;0;9;0;9;108;110;0;0;0;0;0;0;0;1;0;0;0;8;69;9;15;16;10;0;0;0;41;119
SISTERON;college;2109.5999999999999;662;1447.5999999999999;1700;27133;20033;5825;450;26308;3;0;0;11;0;14;67;67;3;1;0;0;0;0;0;3;4;3;10;14;22;38;14;4;3;0;0;0;21;81
TARASCON;college;1102.3;565.14999999999998;537.14999999999998;560;23800;19110;2600;1480;23190;0;0;0;5;0;5;45;45;0;0;0;0;0;0;0;0;4;4;6;4;19;18;9;3;0;1;0;0;13;50
ARBOIS;college;2907;1102;1805;800;47360;29700;13000;3460;46160;7;1;0;16;16;41;103;103;6;2;0;3;0;1;2;8;8;9;12;28;46;79;10;5;4;0;0;0;19;144
BAUME-LES-DAMES;college;4970.4399999999996;1235.8399999999999;3734.5999999999999;13299;88629;38930;41699;8000;88629;19;1;0;86;1;129;49;49;8;3;0;7;3;9;8;10;15;10;8;7;41;88;13;12;14;10;0;0;49;178
DOLE;college;7183;4083;3100;6430;67680;46350;15830;3000;65180;13;2;0;24;5;44;106;107;24;7;1;4;1;6;5;10;8;18;9;9;18;102;10;10;11;0;0;0;31;151
GRAY;college;9660;1752;7908;8300;64800;41900;14900;6300;63100;13;1;0;25;3;42;74;81;9;2;0;3;3;6;6;9;9;12;11;4;20;74;9;12;7;0;0;1;29;123
LURE;college;4300;1050;3250;3449.1500000000001;48580;27010;13015;6570;46595;9;0;0;23;6;38;36;47;5;1;0;0;0;2;7;5;3;6;5;2;10;36;21;10;6;2;0;0;39;85
LUXEUIL;college;4108;700;3408;3600;35543;22760;7500;3488.5999999999999;33749;5;0;0;13;6;24;71;96;1;1;0;1;0;1;7;6;9;12;12;10;22;60;16;12;9;0;1;0;38;120
MONTBELIARD;college;3804;1552;2252;14980;72276;42750;19400;10126;72276;10;0;5;21;18;54;122;122;12;3;3;3;8;7;12;15;14;15;15;10;11;117;19;20;6;3;0;0;48;176
POLIGNY;college;2826;1129;1697;NA;38650;27800;6850;2000;36650;3;1;0;15;5;24;129;129;11;3;0;3;0;3;2;3;5;5;8;9;76;52;15;6;4;0;0;0;25;153
PONTARLIER;college;6581;1846;4735;4125;41560;26500;11600;2901.1500000000001;41001;10;1;0;16;4;31;68;78;6;0;1;5;0;3;1;9;3;5;4;4;20;41;23;19;5;1;0;0;48;109
SAINT-CLAUDE;college;21808;1220;20588;6000;57050;33000;15000;6550;54550;3;1;0;37;1;43;72;78;7;0;0;0;1;0;2;1;2;5;5;1;15;24;8;26;28;10;5;5;82;121
SALINS;college;11155;735;10420;5000;40750;30150;7050;2000;39200;1;1;0;14;6;22;74;74;16;3;0;4;2;2;7;4;9;9;5;3;16;64;7;6;0;3;0;0;16;96
BERGERAC;college;6360;5830;530;9806.1000000000004;71836;53971.050000000003;13629.84;4234.8000000000002;71836;16;0;0;48;8;72;116;123;13;4;0;7;4;8;14;9;9;14;19;15;30;116;11;17;14;7;0;0;49;195
BLAYE;college;11800;2100;9700;8196;56787;37594.410000000003;12921.700000000001;3724.6500000000001;54241;9;3;0;26;7;47;34;49;7;5;0;6;1;3;8;5;3;11;5;1;9;55;15;13;3;1;0;0;32;96
LIBOURNE;college;3800;1981;1819;26352;30200;55013.050000000003;53760;2310;111083;19;3;0;115;29;166;71;89;15;10;4;17;5;13;21;29;25;13;13;6;15;171;17;31;10;7;4;0;69;255
MARMANDE;college;4200.7700000000004;1700.8599999999999;2499.9099999999999;10200;44150;25850;15210;1890;42950;2;0;0;46;1;49;47;68;10;4;0;1;1;6;8;13;12;8;7;6;12;76;11;18;0;0;0;0;29;117
MEZIN;college;1883.54;915.75;967.78999999999996;245;15510;12900;1390;1025;15315;1;0;0;3;0;4;18;33;3;0;0;0;0;0;0;5;2;2;0;0;21;12;4;0;0;0;0;0;4;37
REOLE(LA);college;3782;1125;2657;5600;30200;13600;12500;1600;27700;9;3;0;23;3;38;27;30;16;0;0;0;0;3;5;12;7;10;4;3;0;60;4;4;0;0;0;0;8;78
SARLAT;college;3480;1312;2168;3370;27497;19000;6077;1750;26827;5;0;0;14;1;20;17;39;8;0;0;0;0;0;2;6;4;2;5;3;3;30;3;11;7;5;0;0;26;59
VILLENEUV-SUR-LOT;college;3050;1184;1866;6750;43605;27250;12620;2075;41945;4;0;0;24;16;44;53;67;8;1;1;1;1;1;3;4;6;5;10;7;12;48;16;23;12;0;0;0;51;111
ARGENTAN;college;11984;1658;10326;14538;117278;61100;45830;7300;114230;4;0;0;115;34;153;82;82;4;3;5;5;2;6;11;8;12;13;22;15;53;106;27;22;14;9;0;4;76;235
AVRANCHES;college;5705;1764;3941;8366.5;76154;50958.040000000001;16000;6598;73556;3;3;0;32;2;40;79;79;4;2;0;2;0;8;3;15;4;9;7;7;24;61;12;11;7;4;0;0;34;119
BAYEUX;college;4450;1800;2650;6090;58333;43352.5;12740;1000;57093;5;0;0;29;9;43;87;87;1;2;0;2;2;3;7;7;13;5;17;10;31;69;8;12;6;3;1;0;30;130
BERNAY;college;1805;705;1100;6480;59130;19800;30000;4600;54400;7;0;0;75;9;91;107;111;4;0;0;5;0;6;12;6;5;6;7;12;67;63;28;19;18;7;0;0;72;202
CARENTAN;college;2624;788;1836;147;18773;14340;4400;152;18892;2;0;0;7;1;10;70;87;0;0;0;0;0;0;0;0;0;1;0;0;75;1;15;5;1;0;0;0;21;95
CONDE-SUR-NOIREAU;college;4900;606;4294;5550;26825;15900;6550;1350;23800;0;0;0;10;13;23;41;43;0;0;0;0;0;0;0;0;3;0;9;18;19;30;0;7;10;0;0;0;17;66
COURDEMANCHE;college;4200;635;3565;NA;10683;4333;5000;600;9933;2;1;0;10;2;15;63;63;0;0;0;0;0;0;0;0;0;0;0;0;59;0;10;2;3;2;2;0;19;78
DIEPPE;college;3927;2307;1620;10922.08;153315;69138.929999999993;55519.389999999999;28656.889999999999;153315;16;3;5;101;35;160;90;90;38;9;0;5;0;8;13;10;11;18;26;18;20;156;15;25;14;10;4;6;74;250
DOMFRONT;college;4879.0500000000002;1498.5;3380.5500000000002;500;31700;20210;10200;1100;31510;8;0;0;23;7;38;120;120;0;0;0;0;0;0;4;2;5;4;7;6;110;28;5;3;6;3;3;0;20;158
EU;college;8115;2052;6063;6010;62940;24750;34000;1190.24;59940;2;3;3;75;6;87;73;73;2;1;0;3;0;3;3;5;8;14;10;12;42;61;22;24;8;3;0;0;57;160
FALAISE;college;8486;1290;7196;5982;64757;37000;21750;4257;63007;0;1;0;42;17;60;63;72;7;5;2;8;2;3;10;11;6;10;9;13;16;86;14;8;5;3;0;0;30;132
FLERS;college;15780;3700;12080;7558.0500000000002;71642;41102.18;25750;3850;70702;5;0;0;35;27;67;56;70;5;0;1;5;1;5;6;8;4;4;22;11;20;72;22;10;6;4;3;0;45;137
HONFLEUR;college;3000;1000;2000;6767.5;75182;35000;31000;6000;72000;3;0;0;69;11;83;53;60;2;2;0;5;1;3;2;9;6;9;15;13;30;67;14;14;13;5;0;0;46;143
LISIEUX;college;4171;1426;2745;11450;91565;42850;18200;3388;64438;4;0;0;64;15;83;100;188;4;3;0;14;0;12;11;23;23;38;23;15;41;166;24;18;12;4;4;2;64;271
MORTAIN;college;1411;375;1036;NA;28410;20850;6400;700;27950;4;2;0;12;2;20;22;31;1;4;1;3;0;0;3;2;2;4;1;5;9;26;2;7;3;2;1;1;16;51
SABLE;college;10317.700000000001;113;10204.700000000001;1848;26670;14250;8930;2100;25280;1;3;0;11;13;28;47;47;0;0;0;0;0;0;0;1;3;1;12;13;17;30;10;4;7;3;3;1;28;75
ST-HILAIRE-DU-HAR;college;1425;275;1150;2102;23255;13675;8005;1300;22980;0;2;0;18;7;27;117;117;0;0;0;0;0;0;3;0;3;3;4;5;85;18;21;11;5;4;0;0;41;144
SEES;college;4500;2500;2000;1375;33055;15300;10000;975;26275;1;0;0;35;3;39;42;61;4;1;0;3;0;1;2;5;2;6;10;17;34;51;5;5;3;2;0;0;15;100
SILLE-LE-GUILLAUM;college;3652;742;2910;1800;20980;13000;5700;1200;19900;2;2;0;6;2;12;58;58;4;0;0;0;0;0;0;1;2;2;10;10;26;29;5;5;2;3;0;0;15;70
VERNEUIL;college;857.46000000000004;371.17000000000002;486.29000000000002;1200;14850;10400;3500;650;14550;0;0;0;7;4;11;31;35;0;0;0;0;0;0;0;0;4;2;0;0;21;6;6;7;6;0;0;0;19;46
VIRE;college;7241.9499999999998;1535.5;5706.4499999999998;7775;67656;42850;18200;3388;64438;2;0;0;38;28;68;34;121;0;7;0;14;0;12;19;23;23;28;9;4;18;139;17;9;5;1;0;0;32;189
ANNECY;college;7400;1680;5720;8031.2600000000002;84233;53488.029999999999;22154.18;7591.2799999999997;83233;13;6;7;28;0;58;131;131;14;0;1;10;2;5;11;11;15;15;13;15;29;112;8;17;11;6;6;0;48;189
BONNEVILLE;college;64190;10180;54010;1757;53196;27359.93;19637.25;5191.75;52189;12;2;13;26;1;54;32;42;10;3;0;1;0;1;6;10;5;5;4;3;15;48;14;11;8;0;0;0;33;96
AMBERT;college;15100;2500;12600;1000;17400;13100;2120;1100;16320;1;2;0;6;0;9;28;46;2;0;0;0;0;0;0;2;4;5;11;10;11;34;5;4;1;0;0;0;10;55
AUBUSSON;college;10623;656;9967;2430;33220;22100;8625;1413;32138;6;0;0;17;2;25;25;29;0;0;0;2;0;1;1;3;3;4;6;0;8;20;6;6;11;2;1;0;26;54
AURILLAC;college;4504;2265;2239;8503.5;78963;49373.599999999999;24195;3749.25;77318;11;2;0;35;10;58;76;99;15;3;3;4;4;9;13;10;15;17;11;12;14;116;8;12;5;2;0;0;27;157
BRIOUDE;college;4762.3699999999999;1177;3585.3699999999999;2740;33540;20950;8500;2200;31650;1;9;0;11;5;26;42;52;3;0;0;2;1;4;1;7;3;3;3;2;12;29;21;10;6;0;0;0;37;78
BRIVE;college;3267;1224;2043;9775;89875;52600;30500;4260;87360;16;0;0;86;4;106;115;140;14;9;0;14;3;12;13;15;12;16;20;10;19;138;31;26;16;8;8;0;89;246
CUSSET;college;2725.8699999999999;1225.75;1500.1199999999999;4630;42520;24700;15000;1300;41000;4;0;0;33;6;43;44;63;6;0;0;0;0;0;0;9;7;12;10;8;18;52;9;15;7;4;1;0;36;106
ISSOIRE;college;6435;1676;4759;8384;63290;25700;28800;2400;56900;8;3;0;75;1;87;60;76;0;0;0;0;0;0;3;2;6;10;14;11;31;46;34;24;10;18;0;0;86;163
MAURIAC;college;1725;976;749;1900;37500;23300;10500;1200;35000;5;2;0;36;0;43;52;52;2;0;1;2;0;3;1;2;0;2;3;4;42;20;12;13;8;0;0;0;33;95
RIOM;college;5687.0600000000004;2388;3299;10373;78558;27457.959999999999;47000;1100;75558;12;2;0;103;14;131;63;63;0;0;0;0;0;0;0;0;0;0;0;0;45;0;25;61;39;13;5;6;149;194
SAINT-FLOUR;college;5495;1103;4392;910;34896;23648.599999999999;9100;966.90999999999997;33716;3;2;0;6;2;14;17;17;3;0;0;1;0;3;5;2;1;1;3;1;0;20;3;4;4;0;0;0;11;31
THIERS;college;2682;1142;1540;7380;41698;26313.299999999999;13160;1125;40598;6;7;0;16;2;31;80;120;10;0;0;0;3;2;7;11;7;16;0;0;40;56;16;16;13;6;4;0;55;151
TREIGNAC;college;2621;649;1972;2610;29600;17500;10200;1100;28800;7;8;0;13;3;31;156;156;0;0;0;0;0;0;3;5;5;2;6;8;121;29;11;16;5;5;0;0;37;187
ARNAY-LE-DUC;college;19410;5260;14150;1376;11068;8360.2700000000004;1000;1706.7;11067;0;0;0;0;0;0;32;32;0;0;0;0;0;0;0;0;0;0;4;4;9;8;5;5;3;2;0;0;15;32
AUXERRE(G);college;9935;3002;6933;28389.5;161307;77763.220000000001;51371.879999999997;32171.939999999999;161307;17;6;0;138;18;179;166;174;27;8;0;22;0;13;27;28;21;26;17;8;54;197;28;38;22;6;8;0;102;353
AVALLON;college;3637.4099999999999;931.59000000000003;2705.8200000000002;-0.01;NA;-0.01;-0.01;-0.01;NA;NA;NA;NA;NA;NA;NA;NA;NA;NA;NA;NA;NA;NA;NA;NA;NA;NA;NA;NA;NA;NA;NA;NA;NA;NA;NA;NA;NA;NA;NA
AUXONNE;college;1485;606.80999999999995;878.19000000000005;1050;18213;14775;1462.5;1018.16;17256;6;0;0;3;4;13;83;83;9;0;0;0;0;0;0;9;3;11;9;5;16;46;19;5;8;2;0;0;34;96
BAR-SUR-AUBE;college;4522;1579;2943;4348.5;39250;18500;14750;1900;35150;7;0;0;43;2;52;50;50;12;0;0;0;0;0;1;5;2;8;0;0;29;28;16;19;10;0;0;0;45;102
BEAUNE;college;4479.4799999999996;1528.49;2950.9899999999998;7040;61366;37029;16589;3153;56771;7;0;0;32;12;51;143;143;7;2;0;7;0;14;12;11;16;16;5;21;33;111;20;20;10;0;0;0;50;194
CHATILLON-SUR-SEI;college;2623.3499999999999;1401.72;1221.6300000000001;4664;33196;23468.32;7492.3199999999997;1300;32261;3;0;0;15;0;18;63;63;6;1;0;0;1;4;2;2;5;1;5;5;15;32;10;13;11;0;0;0;34;81
CLAMECY;college;2368;1121;1247;3496.1999999999998;50105;25854.540000000001;18000;2098.5900000000001;45953;11;0;0;31;1;43;52;53;11;0;0;1;0;2;5;8;8;6;8;5;13;54;10;13;4;2;0;0;29;96
COSNE-SUR-LOIRE;college;4297;708;3589;3641;25675;13200;11025;1450;25675;8;0;0;26;5;39;80;80;0;0;0;0;0;0;4;8;2;7;10;13;40;44;19;11;5;0;0;0;35;119
JOIGNY;college;4689.3599999999997;785.24000000000001;3904.1199999999999;4384.5;40246;19345.830000000002;15900;1900;37146;5;1;0;34;2;42;45;45;0;0;0;0;0;0;4;0;8;5;3;5;9;25;16;10;12;7;8;0;53;87
LANGRES;college;6654;1838;4816;9221.6000000000004;96281;53359.970000000001;26440.799999999999;16480.349999999999;96281;10;4;0;59;2;75;67;95;21;1;1;5;1;5;6;10;13;8;5;8;17;84;9;17;21;10;10;2;69;170
SAULIEU;college;1606;1052;554;3020;28531;19683.330000000002;7200;1181.9000000000001;28065;0;0;0;13;0;13;45;45;6;0;0;0;0;0;2;6;6;4;0;5;12;29;6;7;4;0;0;0;17;58
SEMUR;college;7640;1060;6580;4170;44722;30286.669999999998;11900;1680;43867;3;0;0;43;3;49;42;42;12;3;0;1;0;3;3;8;5;11;5;0;12;51;17;7;4;0;0;0;28;91
TONNERRE;college;2648.1500000000001;1348.1500000000001;1300;6390;51474;25493.619999999999;24000;1330;50824;6;1;0;41;3;51;69;69;6;0;0;4;0;2;8;5;6;11;8;9;13;59;22;15;9;2;0;0;48;120
VASSY;college;6400;1400;5000;5215;53607;34863.349999999999;17845.150000000001;2342.1999999999998;55051;7;2;0;26;3;38;43;54;9;0;0;7;3;2;3;6;7;5;5;9;6;56;5;10;10;5;0;0;30;92
ARMENTIERES(G);college;15396;5340;10056;13800;112084;65033.879999999997;36700;9250;110984;10;6;0;90;22;128;149;152;12;2;5;9;3;6;7;18;6;18;17;17;91;120;23;17;20;8;1;0;69;280
ARRAS;college;7087;3896;3191;20815;112695;72760;25235;14700;112695;8;0;5;63;9;85;169;188;17;5;1;9;3;7;13;17;21;18;19;35;34;165;18;25;22;6;2;1;74;273
AVESNES;college;20442;14042;6400;7531;74076;41924.660000000003;20632.669999999998;11518.93;74076;1;1;0;56;11;69;87;87;9;2;0;2;2;2;11;11;13;16;6;12;21;86;20;20;9;0;0;0;49;156
BETHUNE;college;7700;850;6850;4345;39452;33441.379999999997;500;4856.6800000000003;38798;4;0;0;56;8;68;91;111;12;3;0;4;0;4;5;8;10;13;14;12;49;85;16;14;15;0;0;0;45;179
BOULOGNE-SUR-MER;college;4643.8999999999996;2437.48;2206.4200000000001;22840.619999999999;132189;77624.740000000005;31811.91;22752.209999999999;132189;5;0;0;53;15;73;236;268;13;2;1;6;3;6;16;18;14;20;30;27;77;156;41;43;20;4;0;0;108;341
CALAIS;college;3600;1800;1800;14481;67527;45559.129999999997;16800;4567.6199999999999;66927;2;0;2;13;25;42;167;187;10;0;0;0;0;0;4;4;8;15;39;31;54;111;37;14;8;2;3;0;64;229
CAMBRAI(G);college;6844;2034;4810;16677;140382;86627.080000000002;35751.589999999997;18003.119999999999;140382;13;4;0;90;21;128;170;202;23;4;0;10;4;8;18;25;28;28;23;32;57;203;18;22;18;6;3;3;70;330
CASSEL;college;1683.5999999999999;480.69999999999999;1202.9000000000001;1600;17025;8600;5145;1635;15380;0;0;0;13;1;14;38;38;6;0;0;0;0;0;0;6;0;0;7;0;14;19;6;10;3;0;0;0;19;52
CATEAU(LE);college;2592;755;1837;1863;31576;21081.93;7000;2294.0500000000002;30376;0;1;0;9;5;15;63;72;4;0;0;0;0;0;4;4;0;3;14;12;13;41;11;12;8;1;0;1;33;87
CHATEAU-THIERRY;college;4490;1170;3320;8411;58900;25600;29500;3800;58900;5;6;0;41;13;65;65;69;5;0;0;6;3;4;7;7;6;11;9;10;24;68;24;12;6;0;0;0;42;134
CONDE-SUR-L'ESCAU;college;2080;740;1340;4702.5;27081;20449.02;4527.3000000000002;1902.26;26879;3;0;0;1;5;9;75;92;0;0;0;0;0;2;1;5;6;8;12;6;10;40;17;15;9;6;4;0;51;101
ABBEVILLE(G);college;10060;1700;8360;6066;121239;65618.570000000007;33762.110000000001;21858.16;121239;25;2;0;65;12;104;100;100;10;9;0;6;3;6;10;8;12;8;6;9;42;87;20;22;20;8;3;2;75;204
DUNKERQUE;college;2900.02;1820.74;1079.28;12034;125156;72809.580000000002;41000;8446.7299999999996;122256;10;5;0;52;22;90;160;219;26;2;0;5;0;11;9;17;19;15;20;29;78;153;32;25;11;9;1;0;78;309
FERE(LA)(G);college;5000;1000;4000;6717;66332;30650;29200;4040;63890;5;4;0;46;11;66;51;56;7;0;0;1;0;4;5;6;7;6;7;3;17;46;22;16;14;7;0;0;59;132
HAZEBROUCK;college;3356;1418;1938;1860;33898;25547.5;5000;1750;32298;1;2;0;9;1;13;103;103;3;0;0;0;0;0;3;7;2;4;10;8;43;37;20;7;9;0;0;0;36;116
HESDIN;college;1120;494;626;2500;20115;9571.1100000000006;8450;1550;19571;1;0;0;12;4;17;33;35;0;0;0;0;0;0;3;3;2;2;0;0;10;10;16;12;3;1;0;0;32;52
LANDRECIES;college;950;410;540;3300;33689;12650;13600;3600;29850;0;1;0;44;6;51;35;43;12;0;0;0;0;0;0;4;6;5;7;9;21;43;14;14;2;0;0;0;30;94
MAUBEUGE;college;7448;2352;5096;6316.5;54342;31600;17700;3151.5799999999999;52452;3;1;0;34;10;48;94;94;9;0;0;2;0;5;3;9;6;11;10;8;30;63;21;20;8;0;0;0;49;141
PERONNE;college;2976.5599999999999;928.39999999999998;2048.1599999999999;1600;29172;14500;12500;1200;28200;15;1;0;18;6;40;36;43;5;0;0;0;0;1;5;4;10;8;8;5;6;46;4;15;6;4;2;0;31;83
QUESNOY(LE);college;3614;977;2637;7204;61024;25325;26600;8569.3700000000008;60494;5;8;0;51;4;69;46;70;12;0;0;0;0;0;7;10;6;10;10;11;10;66;19;13;18;9;2;2;63;139
ST-AMAND-LES-EAUX;college;1869;545;1324;1440;34568;21838.330000000002;8946;1839.3699999999999;32624;1;4;0;14;3;22;58;58;4;0;0;0;0;0;1;2;4;2;5;6;29;24;8;12;6;0;1;0;27;80
SAINT-POL;college;2740;1365;1375;4200;72357;29400;37000;3600;70000;6;0;0;88;7;101;50;67;12;1;1;2;0;3;8;11;21;9;12;11;16;91;36;16;7;2;0;0;61;168
SEDAN;college;8038.1700000000001;3985.5999999999999;4052.5700000000002;17575.25;114267;69300;25931.310000000001;19035.310000000001;114267;20;8;3;52;14;99;166;175;19;2;0;7;4;8;13;16;18;12;16;12;51;127;24;33;21;14;4;0;96;274
SOISSONS;college;4855;1355;3500;9512.5;153211;80340.410000000003;38033.129999999997;34837.830000000002;153211;15;8;5;113;13;154;101;107;21;3;0;13;0;7;14;15;24;18;22;15;29;152;24;27;16;5;8;0;80;261
BOURGOIN;college;3753;1285;2468;14392;60568;32813.330000000002;20644;6910.75;60368;17;1;0;38;4;60;53;64;5;0;0;1;0;2;7;6;7;9;12;13;19;62;15;20;4;0;2;2;43;124
BRIANCON;college;3380;1089;2291;3390;27567;20930;3767;2870;27567;2;0;0;11;1;14;71;78;4;0;0;0;0;0;0;3;2;6;6;14;32;35;18;2;5;0;0;0;25;92
EMBRUN;college;450;300;150;2400;26090;20300;3800;1490;25590;1;0;0;6;2;9;55;67;0;1;0;0;0;0;1;0;1;3;7;8;24;21;8;13;7;3;0;0;31;76
GAP;college;2840.8099999999999;787.45000000000005;2053.3600000000001;10230;69350;41900;15500;10000;67400;13;0;0;42;5;60;91;93;10;1;0;6;1;5;4;9;12;10;15;9;17;82;21;19;11;2;1;0;54;153
MONTELIMAR;college;5350;1250;4100;9454;61400;35650;22920;2530;61100;4;0;0;44;6;54;90;90;14;2;0;3;0;3;8;9;8;7;10;11;23;75;10;11;10;4;11;0;46;144
MURE(LA);college;1132;732;400;4478.6999999999998;30510;21300;6000;2410;29710;1;1;0;4;1;7;51;65;0;0;0;0;0;0;0;1;4;6;0;0;28;11;9;8;11;5;0;0;33;72
NYONS;college;6800;700;6100;1840;27870;16895;8078;1600;26573;1;0;0;9;1;11;26;27;2;1;0;0;0;0;3;3;2;9;3;4;5;27;0;5;1;0;0;0;6;38
PRIVAS;college;5200;1500;3700;7194;59648;42350;11293;5440;59083;15;5;0;17;1;38;70;70;18;5;0;1;1;8;11;4;7;12;8;7;8;82;4;8;6;0;0;0;18;108
ROMANS;college;2450;1200;1250;7900;45650;33750;9500;2400;45650;2;0;0;16;8;26;96;96;2;0;0;1;0;2;3;8;6;5;10;14;39;51;14;11;6;1;0;0;32;122
SAINT-MARCELLIN;college;243;570;1860;2158;20398;12200;4640;2358;19198;3;2;0;9;0;14;35;35;1;0;0;1;0;2;3;6;2;2;10;5;7;32;5;4;1;0;0;0;10;49
VALENCE;college;3700;1750;1950;25200;108850;70150;21000;17700;108850;15;0;0;48;11;74;142;144;17;2;1;6;0;8;15;22;22;15;14;9;26;131;19;19;17;6;0;0;61;218
VIENNE;college;7498.9099999999999;4655.4099999999999;2843.5;12850;101036;61000;23220;16816;101036;9;0;0;45;7;61;160;160;18;5;0;9;0;1;8;5;6;11;14;0;46;77;37;25;17;12;7;0;98;221
AUTUN;college;6425;2041;4384;5326.5500000000002;96060;56877.470000000001;20374;17280.080000000002;94532;4;0;0;49;13;66;104;126;9;2;0;4;1;8;8;16;9;9;9;10;48;85;15;17;6;9;9;3;59;192
CHALON-SUR-SAO(G);college;10342.6;1634.02;8708.5799999999999;14023;99788;52105.760000000002;38910;2222;93238;8;0;5;81;5;99;148;169;19;5;0;13;3;8;13;19;19;19;28;20;19;166;18;36;21;7;1;0;83;268
CHAROLLES;college;6717.1599999999999;731.90999999999997;5985.25;1200;33220;17000;12570;2800;32370;11;0;0;21;0;32;51;51;0;0;0;0;0;0;0;0;0;0;0;0;24;0;17;20;9;5;8;0;59;83
LOUHANS(G);college;3624;1535;2089;1400;59090;26550;26300;4240;57090;18;0;0;45;5;68;40;40;3;3;0;9;0;7;5;5;5;7;7;3;4;54;8;18;9;7;4;4;50;107
NANTUA;college;4731;1357;3374;7650;83170;30600;37150;11180;78930;10;4;0;100;2;116;37;37;14;1;0;3;0;1;5;3;8;10;4;8;0;57;26;35;32;3;0;0;96;153
PONT-DE-VAUX;college;5952;1232;4720;1480;24040;12075;6750;2100;20925;4;0;0;22;0;26;25;35;0;0;0;0;0;0;0;0;0;0;0;0;15;0;24;16;6;0;0;0;46;61
ROANNE;college;24400;2660;21740;9200;75135;43128.980000000003;25300;5400;73829;8;0;0;36;7;51;101;118;7;2;1;7;4;9;11;14;14;14;17;18;11;118;22;6;8;2;1;1;40;169
TOURNUS;college;2055;870;1185;1250;30650;14350;10800;2100;27250;9;0;0;26;0;35;51;66;0;0;0;0;0;0;0;0;0;0;0;0;28;0;17;26;17;8;5;0;73;101
VILLEFR-SUR-SAONE;college;9320;1735;7585;6814;43204;22800;13725;2800;39325;9;4;2;32;14;61;50;50;0;0;0;0;0;0;0;5;6;4;8;11;14;34;31;15;11;4;2;0;63;111
AGDE;college;1632.3699999999999;630.89999999999998;1001.47;8428;37912;32052.02;3190;1000;36242;0;0;0;7;3;10;101;110;7;0;0;0;0;6;0;4;5;8;10;16;48;56;6;5;5;0;0;0;16;120
ALAIS(G);college;4200;2000;2200;16000;83350;49000;24000;7000;80000;16;0;0;52;7;75;163;165;12;0;0;0;0;0;0;12;5;11;18;15;27;73;52;40;27;11;10;0;140;240
BEDARIEUX;college;2703.5799999999999;802.36000000000001;1901.22;13100;55030;33150;16780;4100;54030;2;8;0;33;2;45;84;86;7;2;1;7;2;1;8;13;11;12;10;11;15;85;13;10;8;0;0;0;31;131
BEZIERS(G);college;10800;4000;6800;36090;210094;120410.83;58697.949999999997;32984.940000000002;212094;8;5;4;154;22;194;270;284;22;9;0;20;1;21;26;33;33;41;43;64;54;313;61;32;12;5;1;0;111;478
CASTELNAUDARY;college;3852.23;1478.71;2373.52;6268;50225;31100;16765;1850;49715;10;1;2;30;2;45;179;179;7;0;0;7;0;0;3;4;8;7;7;31;81;74;21;21;15;12;0;0;69;224
CETTE;college;7722;1693;6029;29515;118130;81960;25000;6770;113730;3;0;0;40;37;80;227;247;10;0;2;4;2;9;16;13;17;19;37;29;90;158;32;28;15;3;1;0;79;327
CLERMONT-L'HERAUL;college;3097.3499999999999;1423.75;1673.5999999999999;5315.5500000000002;34202;26750;4200;2352.1399999999999;33302;1;3;0;3;5;12;80;84;12;0;0;1;0;2;6;2;1;4;9;12;25;49;18;4;0;0;0;0;22;96
LODEVE;college;2961;642;2319;5055;37210;28250;6600;1550;36400;3;1;0;7;1;12;66;74;8;1;0;2;3;3;2;4;9;9;10;6;13;57;7;4;5;0;0;0;16;86
LUNEL;college;3928;822;3106;5683.5;29010;18600;8500;870;27970;4;2;0;14;0;20;44;62;14;0;0;0;0;0;0;4;7;4;0;0;18;29;15;12;8;0;0;0;35;82
MENDE;college;2990;1390;1600;9000;67950;39500;22320;1280;63100;16;9;0;33;0;58;40;60;4;1;0;5;2;5;10;7;9;16;10;0;11;69;8;12;17;1;0;0;38;118
NARBONNE;college;16245;6000;10245;2893;26218;13458.07;4592.2399999999998;4019.2399999999998;22070;3;0;0;46;19;68;91;96;3;3;0;2;0;0;4;5;10;10;28;27;35;92;23;14;0;0;0;0;37;164
PERPIGNAN;college;4957;2593;2364;18179.669999999998;227896;120914.34;82690.919999999998;24290.560000000001;227896;14;22;1;219;17;273;221;235;26;8;1;10;2;23;26;33;41;32;27;20;105;249;49;40;27;19;14;5;154;508
PEZENAS;college;7499.04;2235.9400000000001;5263.1000000000004;9090;74975;41300;26625;4050;71975;12;5;0;55;2;74;87;90;13;3;0;1;1;5;4;7;9;10;13;11;47;77;19;13;8;0;0;0;40;164
UZES;college;4879.04;977.08000000000004;3901.96;2040;38875;24875;11000;2000;37875;8;0;0;20;0;28;36;36;2;1;0;6;0;2;5;2;5;6;3;4;1;36;5;10;10;2;0;0;27;64
VIGAN(LE);college;675;325;350;2500;15000;9800;4000;1200;15000;0;0;0;16;0;16;29;37;2;0;0;0;0;0;2;4;2;3;4;2;8;19;5;8;8;5;0;0;26;53
BRUYERES;college;619;482;137;1121;21831;13700;6600;550;20850;1;0;0;14;10;25;19;22;0;0;0;0;0;0;0;0;0;0;0;0;19;0;12;6;4;3;3;0;28;47
COMMERCY;college;5791;2291;3500;3620.9000000000001;42690;19563.740000000002;11000;5125.9300000000003;35690;7;0;0;13;1;22;53;71;7;0;0;0;0;2;0;4;0;4;3;4;16;24;17;18;10;8;0;0;53;93
EPINAL;college;5004;2527;2477;15826;136897;84392.509999999995;36348.5;16155.74;136897;13;10;0;65;9;105;143;180;17;7;0;4;0;13;15;15;15;19;16;16;10;137;49;42;25;18;4;0;138;285
ETAIN;college;7500;720;6780;3095;19099;16360;2600;647.29999999999995;19607;2;0;0;5;1;8;36;45;0;0;0;0;0;0;0;0;1;6;0;6;14;13;14;0;7;5;0;0;26;53
LONGWY;college;1285;510;775;8360;30150;17950;8500;2600;29050;1;0;0;19;10;30;61;73;12;0;0;0;0;0;0;4;7;12;5;6;6;46;11;15;13;8;4;0;51;103
LUNEVILLE;college;7692;3036;4656;19748;119838;54266.529999999999;33513.489999999998;17678.48;105459;20;1;11;85;17;134;110;138;69;4;1;8;4;8;14;10;15;14;8;8;5;163;19;38;30;17;0;0;104;272
MIRECOURT;college;1348;580;768;4020;35475;22390;8500;750;31640;4;0;0;23;5;32;47;58;1;0;0;2;0;0;5;2;7;3;6;8;10;34;25;11;8;0;0;2;46;90
NEUFCHATEAU;college;4000;1280;2720;9063;62534;35190;23000;1744;59934;9;0;0;37;6;52;87;95;13;1;1;6;3;3;8;6;6;10;8;7;30;72;19;18;8;0;0;0;45;147
PONT-A-MOUSSON;college;8710;5350;3360;14920;93068;44822.089999999997;27341.029999999999;10905.620000000001;83069;13;3;0;50;13;82;79;100;17;3;0;4;2;6;6;13;12;12;11;9;4;95;22;32;15;9;3;2;83;182
REMIREMONT;college;3400;1575;1825;8222.5;95127;63837.260000000002;23017.700000000001;8271.9599999999991;95127;17;0;0;52;7;76;81;99;9;8;2;6;2;6;9;13;8;6;9;11;12;89;20;23;14;11;6;0;74;175
SAINT-DIE;college;2671.6199999999999;1061.71;1609.9100000000001;11362;66800;44129.440000000002;15460;3760.0799999999999;63350;10;0;0;29;3;42;114;116;13;4;0;3;3;2;10;10;9;15;8;16;12;93;26;13;8;5;1;0;53;158
SAINT-MIHIEL;college;2307;829.89999999999998;1477.0999999999999;5460;46650;26200;16200;2050;44450;10;0;0;30;2;42;48;58;7;2;0;4;0;3;2;6;6;11;8;4;10;53;16;9;6;6;0;0;37;100
TOUL;college;7146;1541;5605;10342;63420;44048;13465;4872;62385;9;1;0;17;7;37;103;144;22;3;2;2;2;2;10;12;10;11;14;9;28;99;23;21;6;4;0;0;54;181
VERDUN;college;8163;4025;4138;14221.75;107451;66001.179999999993;25064.740000000002;16384.84;107451;11;0;1;68;13;93;132;155;29;6;1;3;6;4;17;13;18;14;16;25;43;152;16;28;9;0;0;0;53;248
BARBEZIEUX;college;4344;2687;1657;5723;38739;21166.860000000001;14400;2200;37767;2;0;0;40;1;43;50;59;18;0;0;0;0;0;0;9;8;10;14;6;12;65;4;13;6;2;0;0;25;102
BLANC(LE);college;1847;643.26999999999998;1203.73;2900;2290000;15000;3800;2600;21400;1;0;0;12;2;15;57;64;0;0;0;0;0;0;0;4;4;3;4;7;35;22;15;7;0;0;0;0;22;79
CHATELLERAULT;college;6414;1812;4602;16885;105045;49000;40000;8200;97200;8;0;4;67;14;93;100;102;5;1;1;7;2;9;13;15;15;4;15;14;39;101;23;17;8;7;0;0;55;195
CHATRE(LA);college;2436;886;1550;4840;42029;20500;18000;1500;40000;1;0;0;47;2;50;85;85;0;0;0;0;0;0;0;5;3;4;20;17;31;49;15;16;12;7;3;2;55;135
CHINON;college;3700;2450;1250;3800;34170;20050;10020;2150;32220;1;0;0;28;3;32;29;34;2;1;0;2;0;0;3;5;8;0;7;2;10;30;13;10;3;0;0;0;26;66
CIVRAY;college;2850;1100;1750;2874;35124;14600;13500;5524;33624;6;0;0;36;6;48;6;35;0;3;0;0;0;3;3;8;3;7;0;0;19;27;14;7;5;7;4;0;37;75
COGNAC;college;12500;1659;10841;17600;72950;42255;21000;8170;71425;5;0;0;50;15;70;136;136;14;2;0;6;0;5;10;6;16;11;19;19;48;108;28;17;5;0;0;0;50;206
CONFOLENS;college;2664;887;1777;2470;22510;15500;4780;930;21210;0;0;0;11;1;12;26;37;0;0;0;0;0;0;1;5;4;4;6;6;12;26;8;3;0;0;0;0;11;49
EYMOUTIERS;college;1105;410;695;1015;14500;13200;1300;600;15100;0;0;0;3;0;3;35;55;0;0;0;0;0;0;0;0;1;2;6;5;32;14;7;5;0;0;0;0;12;58
FONTENAY-LE-COMTE;college;24000;3200;20800;3200;58675;38225;12000;4500;54725;5;0;0;30;10;45;91;91;7;4;1;7;1;6;8;13;7;14;6;4;10;78;13;12;18;5;0;0;48;136
ISSOUDUN;college;3584;687;2897;4321.5;48036;26500;16800;4000;47300;1;0;0;36;3;40;66;100;10;0;0;0;0;0;7;9;4;10;16;10;26;66;20;12;11;5;0;0;48;140
LOUDUN;college;2510;768;1742;6100;34000;16000;12000;3000;31000;1;0;0;34;8;46;50;51;7;0;0;2;0;1;3;11;5;8;3;1;15;41;13;12;3;2;11;0;41;97
LUCON;college;17366;2075;15291;4480;40490;19900;15670;440;36010;3;0;0;36;2;41;39;45;8;0;0;0;0;0;3;13;4;8;8;4;3;48;15;12;8;0;0;0;35;86
MELLE;college;616;645;5515;917;9787;7670;1200;680;9550;1;0;0;0;2;3;25;28;0;0;0;0;0;0;0;0;3;3;3;4;7;13;3;8;0;0;0;0;11;31
PARTHENAY;college;9952;1947;8005;2160;41717;29840.220000000001;7667.5200000000004;4209.1899999999996;41717;2;0;0;21;4;27;43;58;0;0;0;0;0;0;0;3;6;5;7;6;22;27;7;8;12;2;2;5;36;85
ROCHEFOUCAULD(LA);college;10000;3400;6600;2480;32460;19000;10300;1060;30360;7;0;0;19;2;28;35;44;3;0;0;1;0;5;4;4;5;6;6;4;12;38;6;9;7;0;0;0;22;72
ST-JEAN-D'ANGELY;college;11007;3442;7565;9724;82584;43328.989999999998;35000;1400;79729;10;0;0;51;4;65;55;66;17;4;0;2;2;9;6;16;7;11;2;6;14;82;13;12;5;5;0;0;35;131
SAINT-MAIXENT;college;5462;2029;3433;2400;42625;21000;18200;1250;40450;9;0;0;31;3;43;53;177;0;0;0;0;0;0;0;0;7;1;7;8;141;23;10;13;10;10;3;4;56;220
SAINT-YRIEIX;college;2448;551;1897;2383.5;25690;14820;9080;1000;24900;10;0;0;18;1;29;53;65;0;0;0;0;0;0;0;5;0;6;8;14;20;33;20;13;6;2;0;0;41;94
SAINTES;college;4188;2688;1500;19338;142332;62398.339999999997;56975;16000;135373;11;0;0;135;19;165;139;172;42;6;0;11;2;18;23;17;21;26;13;6;41;185;26;29;25;20;8;3;111;337
AURAY;college;9000;3840;5160;1080;12515;9100;1760;1226;12086;0;0;0;2;0;2;24;39;0;0;0;0;0;0;0;0;0;3;5;9;0;17;15;7;2;0;0;0;24;41
BEAUFORT-EN-VALLE;college;7733;1002;6731;2390;34790;15300;12000;2500;29800;4;0;0;38;2;44;21;21;0;0;0;0;0;0;0;0;0;0;0;0;14;0;25;8;8;6;3;1;51;65
CHATEAU-GONTIER;college;1229.0999999999999;293;936.10000000000002;3235;48375;26350;15615;2560;44525;5;5;0;24;11;45;25;37;0;0;0;0;0;0;2;3;3;4;12;11;11;35;15;9;8;2;2;0;36;82
CHOLET;college;6603;1646;4957;3340;23810;15550;6000;1500;23050;0;0;0;9;7;16;37;53;0;0;0;0;0;0;0;0;0;0;0;0;35;0;10;17;6;1;0;0;34;69
DINAN;college;4275;1090;3185;10520;76600;35020;24000;13900;72920;11;0;0;58;4;73;112;150;5;4;2;14;1;6;15;15;15;10;15;11;47;113;32;22;9;0;0;0;63;223
ERNEE;college;10000;1000;9000;1150;22330;12060;7670;1600;21330;3;3;0;18;2;26;40;41;0;0;0;0;0;0;0;1;1;2;7;9;29;20;6;7;3;2;0;0;18;73
EVRON;college;1168;688;480;1200;15556;8150;5300;2106;15556;1;4;0;9;1;15;95;95;0;0;0;0;0;0;0;0;0;0;0;0;66;0;32;8;4;0;0;0;44;110
FOUGERES;college;2000;644;1356;1900;26515;19650;4200;1390;25240;6;0;0;9;1;16;85;85;1;0;0;0;0;0;3;6;7;2;6;18;35;43;7;13;0;0;3;0;23;101
JOSSELIN;college;5000;600;4400;1116;18426;12000;4600;1326;17926;4;0;0;8;1;13;26;64;0;0;0;0;0;0;0;1;3;4;0;0;32;8;10;16;11;0;0;0;37;77
LAMBALLE;college;4400;1600;2800;2000;17195;10000;6070;825;16895;1;0;0;10;0;11;5;13;0;0;0;0;0;0;0;0;5;1;0;0;0;6;10;4;4;0;0;0;18;24
LANDERNEAU;college;993;356;637;1625;18175;10950;3800;2625;17375;6;0;0;10;2;18;17;17;0;0;0;0;0;0;0;2;4;4;0;0;5;10;5;5;6;3;1;0;20;35
LANNION;college;2300;935;1365;5160;33700;19100;12000;1600;32700;9;0;0;34;3;46;62;82;0;0;0;4;0;7;7;7;11;5;8;15;21;64;15;17;11;0;0;0;43;128
LESNEVEN;college;22000;2800;19200;18250;132350;49200;70500;10650;130350;6;0;0;257;83;346;48;48;0;10;0;26;0;37;27;52;50;60;44;38;50;344;0;0;0;0;0;0;0;394
MORLAIX;college;2228;1026;1202;14295;75230;51950;16200;4200;72350;11;0;0;45;50;106;140;180;2;7;0;7;1;6;19;15;13;23;13;10;36;116;30;54;30;10;8;2;134;288
SAINT-NAZAIRE;college;5200;1500;3700;8634.5;47988;29172.5;11643.1;4347.3000000000002;45163;9;3;0;17;3;32;116;143;0;3;0;3;0;2;7;9;7;9;12;15;54;67;34;8;5;2;5;0;54;175
SAINT-POL-DE-LEON;college;5711.2799999999997;1484.6400000000001;4226.6400000000003;22400;90747;30200;49500;7247;86947;0;0;0;165;57;222;31;45;0;6;3;20;2;23;32;39;36;44;41;10;11;256;0;0;0;0;0;0;0;267
SAINT-SERVAN;college;10000;3000;7000;9400;89550;45000;33000;11550;89550;18;0;0;70;15;103;69;149;9;0;1;5;6;7;11;13;14;20;14;15;69;115;27;20;15;4;2;0;68;252
SAUMUR(G);college;11700;2300;9400;NA;44650;33650;5500;1800;40950;3;0;0;72;18;93;71;73;3;2;0;4;0;5;2;7;4;5;6;7;36;45;13;18;33;21;0;0;85;166
VANNES;college;13008;3760;9248;8257;76722;46100;23450;5159;74709;20;7;0;26;15;68;87;105;18;6;0;2;2;6;11;12;12;10;17;6;23;102;19;14;11;4;0;0;48;173
BAGNERES-DE-BIGOR;college;2573;1317;1256;10860;50540;31200;13500;3900;48600;10;1;0;37;2;50;73;80;0;3;0;7;0;12;6;9;8;9;10;9;9;73;20;16;5;7;0;0;48;130
CASTELSARRASIN;college;3430;1298;2132;10210;59505;35457;18544;2485;56486;4;16;0;36;5;61;64;64;10;3;0;7;0;0;7;6;5;5;7;9;25;59;0;20;21;0;0;0;41;127
CASTRES;college;9170;3200;5970;14875.5;133577;70934.949999999997;34160.110000000001;21762.619999999999;126858;11;7;5;85;18;126;124;180;32;11;1;10;2;8;16;26;13;21;22;21;46;183;33;22;8;6;8;0;77;306
CONDOM;college;4486;2600;1886;7452.3599999999997;45681;19500;11300;2780;33580;4;0;0;22;6;32;41;59;0;1;0;3;3;5;5;5;8;9;7;6;1;52;10;13;8;4;3;0;38;90
FIGEAC;college;6498;1558;4940;14730;71080;52600;11500;6980;71080;7;0;0;33;4;44;95;112;15;4;2;5;2;6;11;7;13;10;8;10;18;93;10;19;8;8;0;0;45;156
GAILLAC;college;10330.799999999999;2846.6999999999998;7484.1000000000004;13871.5;85331;38470.82;34050;12406.860000000001;84928;9;5;1;96;4;115;129;129;6;2;1;4;3;3;8;14;9;7;10;12;57;79;55;22;21;5;5;0;108;244
LECTOURE;college;1696;1223;473;4243;36606;25000;6000;3606;34606;3;0;0;17;0;20;39;53;14;0;0;0;0;0;3;4;4;5;5;0;14;35;9;11;3;1;0;0;24;73
MILLAU;college;4048;1061;2987;13830;76725;51300;17500;4600;73400;8;0;0;41;1;50;114;155;12;4;1;5;3;7;9;6;13;10;9;9;45;88;31;15;10;16;0;0;72;205
MOISSAC;college;2836.6599999999999;1818.1199999999999;1018.54;3330;64030;29300;16300;6480;52080;5;12;0;20;3;40;44;44;14;4;1;5;0;0;6;0;4;2;4;6;14;46;7;8;9;0;0;0;24;84
PAMIERS;college;6635;2594;4041;5600.1999999999998;85279;62617.610000000001;15365.360000000001;5519.0600000000004;83502;9;2;0;40;2;53;77;101;9;3;1;7;5;5;9;10;9;13;12;15;15;98;15;13;9;3;0;1;41;154
REVEL;college;2402;1364;1038;5775;44111;27550;12485;2364;42399;4;7;0;36;0;47;32;32;5;2;0;1;7;1;4;4;4;11;5;5;10;49;4;5;9;0;1;1;20;79
SAINT-GAUDENS;college;6895;1644;5251;12593.75;78777;45500;20776.5;12500;78777;5;11;0;61;3;80;64;81;9;3;0;8;0;10;7;9;12;10;4;6;18;78;20;21;24;0;0;0;65;161
SAINT-GIRONS;college;1900;500;1400;4350;52240;35600;11850;1790;49240;5;1;0;16;2;24;113;113;4;4;2;4;3;5;7;4;7;6;5;7;36;58;19;13;11;0;0;0;43;137
VIC-DE-BIGORRE(G);college;6673.6599999999999;2053;4620.6599999999999;12320;80660;36810;26720;1590;65120;8;2;0;72;9;91;97;97;14;1;0;6;2;9;8;8;12;14;16;15;0;105;27;23;14;8;6;5;83;188
VILLEFR-DE-ROUERG;college;2600;1250;1350;4003.5;46214;35923.029999999999;6670;2640.8499999999999;45234;2;0;0;17;3;22;70;70;2;1;2;2;2;3;5;3;4;4;6;11;11;45;19;9;6;2;0;0;36;92
LOUIS-LE-GRAND 1;lycee;15413.299999999999;7074;8339.2999999999993;181286.75;1290992;732353;264118.20000000001;11576.860000000001;1265384;59;2;45;228;126;464;262;494;108;69;57;97;78;110;164;158;0;0;0;0;0;958;0;0;0;0;0;0;0;958
HENRI IV 1;lycee;20648.5;5572.3000000000002;15076.200000000001;75355.25;859472;465402;153413.29999999999;7445.1199999999999;858737;92;1;40;187;119;440;246;307;75;31;21;56;23;34;69;85;81;92;54;38;36;747;0;0;0;0;0;0;0;747
SAINT-LOUIS 1;lycee;13117.959999999999;6963.9099999999999;6154.0500000000002;132254.29999999999;929501;520543;176972.04999999999;5240.8100000000004;884168;46;0;6;274;90;417;364;464;333;19;0;36;5;17;27;41;32;25;17;12;0;881;0;0;0;0;0;0;0;881
CHARLEMAGNE 1;lycee;6409.6300000000001;2708.1700000000001;3701.46;194800.25;716673;567558;78103.940000000002;8660.5200000000004;718245;27;3;29;0;313;373;492;738;50;36;1;25;3;66;87;117;84;83;88;66;39;789;108;94;63;30;17;10;322;1111
CONDORCET 1;lycee;5600;3600;2000;370096.09999999998;887543;731486;89915.330000000002;11886.629999999999;898037;21;2;19;0;155;198;605;890;120;95;7;151;20;147;225;225;0;0;0;0;0;1088;0;0;0;0;0;0;0;1088
JANSON-DE-SAILLY 1;lycee;32744.439999999999;9000;23744.439999999999;152322.5;1078691;533371;191346.45000000001;7922.8100000000004;1021458;57;0;21;371;330;779;620;721;76;22;1;59;7;69;95;141;139;134;134;112;135;1201;74;96;81;35;10;3;299;1500
MICHELET 1;lycee;173899;9000;164899;6391;1297561;506083;286642.66999999998;8944.9099999999999;1326911;17;0;0;884;39;940;52;52;17;16;7;41;3;43;76;107;136;155;142;110;108;992;0;0;0;0;0;0;0;992
LAKANAL 1;lycee;98981;12309.6;86671.399999999994;7681.5;461770;203691;83737.309999999998;2999.6500000000001;442960;74;0;4;212;34;324;48;48;21;8;0;9;15;15;27;23;29;25;27;24;16;250;48;43;31;0;0;0;122;372
BOURGES 1;lycee;9100;4250;4850;18732.5;310179;139225;44361.82;2216.0500000000002;222295;17;4;6;119;40;186;172;207;23;5;0;19;5;18;37;32;33;28;32;23;59;326;20;22;12;8;2;3;67;393
CHARTRES 1;lycee;20478;8247.4899999999998;12230.51;5388;72565;30250;14366.370000000001;NA;76463;32;0;0;108;41;181;96;164;10;0;5;0;17;20;22;24;23;23;26;20;42;245;30;32;23;9;3;3;100;345
ORLEANS 1;lycee;8706;4013;4693;23339.43;307714;169876;63270.980000000003;3066.4200000000001;281877;36;3;8;99;58;206;164;186;40;15;0;16;7;14;33;28;22;36;20;19;54;329;16;23;15;6;0;3;63;392
REIMS(G) 1;lycee;14425;6273;8152;37626;395262;230516;93522.919999999998;3596.6500000000001;390102;24;0;17;156;136;333;287;295;43;14;0;34;3;31;37;39;40;45;43;44;125;527;34;33;23;7;4;0;101;628
VENDOME 1;lycee;16871;3449;13422;5188.75;175014;109458;39036.169999999998;1699.27;179896;15;5;9;62;15;106;60;68;9;3;0;6;0;5;7;15;12;15;12;12;18;116;16;19;11;8;4;0;58;174
VERSAILLES 1;lycee;54422.879999999997;10297.67;44125.209999999999;83805;821121;424349;136401.14999999999;5986.04;755716;89;0;16;287;60;452;310;415;97;21;0;33;4;46;58;91;58;68;75;51;41;708;56;52;30;14;7;0;159;867
AIX-EN-PROVENCE 1;lycee;24315;7676;16639;21111.900000000001;246610;127640;74653.619999999995;2498.5999999999999;249836;20;5;4;187;20;238;115;188;11;29;0;29;1;19;26;18;28;22;24;29;59;307;36;45;22;8;4;4;119;426
AVIGNON 1;lycee;7306;3880;3426;18284.25;201818;116751;45683.139999999999;1944.23;207617;24;20;6;101;29;180;174;203;15;10;2;23;1;24;31;27;36;30;34;22;36;300;24;25;18;11;5;0;83;383
BASTIA 1;lycee;7289.1300000000001;4266.8000000000002;3022.3299999999999;28149.25;240823;126408;59327.580000000002;2488.23;232546;39;28;20;136;18;241;356;360;15;10;1;22;0;21;37;38;47;58;58;35;75;433;71;41;23;18;6;9;168;601
DIGNE 1;lycee;15690.4;4966.3999999999996;10724;2046.5;40771;21205;6411.79;NA;47377;7;0;0;52;15;74;34;66;3;8;0;8;1;6;10;6;3;9;23;9;12;101;18;13;5;3;0;0;39;140
MARSEILLE 1;lycee;18509;5514;12995;163115.25;671328;387754;134827.70999999999;5972.5500000000002;660038;38;3;6;157;172;376;708;1090;89;33;0;42;0;42;95;73;73;108;103;110;164;1020;165;162;63;29;20;7;446;1466
NICE(G) 1;lycee;14831;6881;7950;52134.5;385351;253942;76099.130000000005;4153.0299999999997;383409;40;7;8;94;79;228;419;446;31;14;1;27;12;27;39;47;37;36;49;65;125;533;39;56;21;18;6;1;141;674
TOULON 1;lycee;16170;5724;10446;37495.879999999997;261380;151527;51292.139999999999;3129.0700000000002;252449;18;0;11;87;38;213;295;398;49;19;0;22;0;19;26;49;39;56;35;53;74;540;24;28;10;9;0;0;71;611
BELFORT 1;lycee;37000;4844;32156;20761;258407;152440;62175.290000000001;2461.2600000000002;262997;16;0;0;153;29;198;182;222;11;6;0;22;2;12;25;30;27;22;24;22;58;267;66;32;25;15;9;6;153;420
BESANCON(G) 1;lycee;24777.59;6836.9300000000003;17940.66;35693.5;320054;202594;69626.600000000006;2725.9499999999998;310885;41;1;6;156;19;223;261;321;90;14;3;20;5;23;34;31;27;35;24;26;47;436;24;27;23;14;10;10;108;544
LONS-LE-SAUNIER 1;lycee;20286;3991;16295;8311.5;197053;112460;49347.900000000001;2225.1500000000001;195748;15;30;0;89;44;178;129;130;16;7;1;11;2;17;17;23;16;28;23;15;39;222;19;25;21;10;8;3;86;308
VESOUL 1;lycee;15661;2895.5700000000002;12765.43;8041.5;157461;103837;30640.740000000002;2062.1799999999998;156590;18;12;5;57;25;117;116;116;5;4;0;10;0;10;12;16;14;13;17;16;38;156;30;21;13;6;4;3;77;233
AGEN 1;lycee;11133;4877;6256;15611.629999999999;254351;145862;64648.639999999999;2789.21;255923;22;27;0;170;36;255;134;160;27;4;9;9;17;17;35;37;29;27;35;16;32;307;31;29;20;13;11;4;108;415
BAYONNE 1;lycee;23630;4000;19630;11057.5;189424;102071;42767.150000000001;1999.3499999999999;190612;13;2;6;96;36;153;56;89;12;4;0;9;2;3;8;17;13;11;14;18;21;138;29;38;22;8;7;0;104;242
BORDEAUX(G) 1;lycee;15369.42;7445.1499999999996;7924.2700000000004;97215.399999999994;761560;430672;173391.57999999999;7078.75;744931;51;0;23;256;297;632;537;660;134;47;8;61;8;78;99;117;77;65;68;54;67;983;66;97;77;32;29;8;309;1292
BORDEAUX-PL(G) 1;lycee;102100;2626;99474;-0.01;NA;NA;-0.01;-0.01;NA;3;0;0;108;5;116;4;4;0;0;0;0;0;0;0;0;34;21;25;9;13;102;18;0;0;0;0;0;18;120
MONT-DE-MARSAN 1;lycee;30000;3522;26478;6599;233731;131827;60436.830000000002;2240.7199999999998;236494;20;2;2;141;14;179;80;80;5;6;0;15;1;15;16;15;13;24;6;15;10;143;17;40;23;16;12;8;116;259
MONT-DE-MARSAN-PL 1;lycee;7529;3285;4244;-0.01;NA;NA;-0.01;-0.01;NA;0;0;0;1;0;1;16;23;0;0;0;0;0;0;0;2;2;1;4;3;5;17;7;0;0;0;0;0;7;24
PAU 1;lycee;61468;13308;48160;22903.900000000001;214044;128548;47922.75;2233.6999999999998;211711;25;2;3;129;33;194;185;243;26;17;0;30;0;20;30;36;31;31;16;26;61;338;24;22;27;16;10;0;99;437
PERIGUEUX 1;lycee;16700;4116;12584;18139.799999999999;184574;115668;50018.279999999999;2199.3099999999999;193318;17;0;3;139;29;189;202;237;14;15;0;24;0;16;34;33;39;34;36;28;45;336;18;31;19;11;7;4;90;426
ALENCON 1;lycee;18781;5452;13329;8221.5;160049;110872;33007.559999999998;1784.7;165006;17;4;11;54;13;99;92;118;8;10;0;10;0;5;6;17;12;11;13;12;25;138;23;20;10;10;8;8;79;217
CAEN 1;lycee;43495;8153;35342;33158.5;394115;226949;105605.48;3564.1500000000001;407606;28;0;13;224;80;345;288;346;28;26;0;43;3;31;44;43;46;47;48;48;120;555;41;43;31;14;7;0;136;691
CHERBOURG 1;lycee;11000;5400;5600;23739;245213;137771;56673.330000000002;2387.8800000000001;238770;49;7;12;95;63;226;201;240;92;8;0;18;0;17;13;32;29;29;27;21;52;376;19;24;24;15;8;0;90;466
COUTANCES 1;lycee;20200;3730;16470;11940.5;232690;141428;56126.330000000002;2697.04;240745;17;12;9;158;5;201;104;132;7;14;0;16;3;16;21;28;28;19;22;16;31;227;24;32;15;10;11;14;106;333
EVREUX 1;lycee;9565;2574;6991;8519.5;228927;118230;54895.629999999997;2377.8800000000001;214516;15;22;7;93;9;147;127;127;5;2;0;11;0;10;14;14;17;19;26;18;39;183;35;21;19;7;7;2;91;274
HAVRE(LE)(G) 1;lycee;17328;6064.6099999999997;11263.389999999999;49741;301832;200255;46475.239999999998;2998.0999999999999;281057;8;6;16;42;108;180;297;338;17;8;1;14;2;18;33;29;39;41;44;37;101;391;37;34;27;17;7;5;127;518
MANS(LE) 1;lycee;22521;4569;17952;20346.5;269240;149793;67294.550000000003;2599.9499999999998;213985;7;19;10;124;95;255;244;245;20;20;0;17;2;24;37;23;23;29;39;28;117;399;17;20;33;16;11;4;101;500
ROUEN(G) 1;lycee;18859;8921;9938;54048.25;474352;276195;102449.36;5099.3500000000004;471299;28;12;23;195;177;438;183;284;39;25;1;41;8;43;63;82;63;53;50;25;72;595;30;49;27;16;5;0;127;722
CHAMBERY 1;lycee;21850;5168;16682;17880.389999999999;225905;136943;50263.739999999998;2499.3499999999999;233149;32;9;0;93;11;145;225;290;25;5;3;13;11;12;21;27;26;24;26;30;73;308;44;32;25;16;7;3;127;435
CLERMONT 1;lycee;7101.0200000000004;2673;4428.0200000000004;35562.25;439924;258582;99209.350000000006;3498.0500000000002;437634;45;0;0;189;43;277;120;139;54;21;3;33;11;20;56;50;0;0;0;0;0;300;0;45;40;14;6;11;116;416
GUERET(G) 1;lycee;11430;4618;6812;6177.25;221058;120826;53103.93;1931.3399999999999;208688;26;5;0;164;5;200;75;101;13;8;0;13;0;14;16;18;15;23;16;15;24;181;35;45;19;6;8;7;120;301
MONTLUCON 1;lycee;17584.900000000001;4600;12984.9;13768.5;177319;112402;38807.75;1550.8499999999999;181203;13;0;7;123;31;174;102;164;9;5;0;7;2;13;17;14;15;17;30;21;28;182;29;51;44;13;9;10;156;338
MOULINS(G) 1;lycee;29279;6789.4499999999998;22489.549999999999;21661;233937;144711;54057.809999999998;2473.3000000000002;228781;15;0;1;116;33;165;128;172;22;13;0;14;6;12;19;22;17;17;28;13;38;237;20;32;19;15;14;0;100;337
PUY(LE) 1;lycee;7747.1199999999999;3714.1199999999999;4033;12216.5;151452;95831;31638.34;1600;150587;16;26;15;40;9;106;73;123;7;4;0;11;3;8;15;18;24;27;21;13;16;172;16;20;11;7;3;0;57;229
TULLE 1;lycee;18500;4145;14355;3673.5;57619;26774;9024.0300000000007;NA;61082;27;0;0;76;12;115;111;141;7;11;0;22;0;17;16;21;19;15;22;16;21;193;18;18;15;7;5;0;63;256
CHAUMONT 1;lycee;12337;5279;7058;12125.5;195455;110582;45884.379999999997;2086.1399999999999;187078;20;4;4;95;12;136;106;129;11;4;0;12;3;6;17;17;14;18;10;11;46;174;27;23;22;13;6;0;91;265
DIJON 1;lycee;11888.620000000001;3997;7891.6199999999999;50388.879999999997;445103;244591;116477.55;3185.9000000000001;432601;38;9;8;242;93;390;301;339;85;26;1;29;0;30;59;54;54;50;50;20;54;582;37;43;30;23;6;8;147;729
NEVERS 1;lycee;7168.8800000000001;3040.3800000000001;4128.5;16763.75;243673;139150;62010;2766.5999999999999;244133;19;14;8;154;27;222;103;152;18;13;1;13;7;9;21;23;30;30;29;22;28;252;33;40;20;15;11;3;122;374
SENS 1;lycee;7812.8100000000004;3170.4499999999998;4642.3599999999997;9842;183861;101534;48320.709999999999;1799.6800000000001;183681;20;9;7;114;28;180;69;85;12;14;0;11;0;13;16;19;11;20;18;8;19;165;28;32;22;12;6;0;100;265
TROYES 1;lycee;20940;6837;14103;33171.75;283594;157276;76024.889999999999;2479.9299999999998;285888;24;10;9;156;60;259;238;287;19;5;0;14;1;12;34;22;29;27;24;26;126;367;53;54;29;26;9;8;179;546
AMIENS(G) 1;lycee;12480;4747;7733;30619.5;306638;188360;67594.470000000001;2730.4299999999998;309990;32;8;7;147;35;229;157;211;31;10;0;21;0;20;29;33;34;31;27;22;37;326;18;43;27;10;9;7;114;440
CHARLEVILLE 1;lycee;25542;3878;21664;15137.5;211009;118134;52158.5;2299;220249;29;15;8;111;26;189;106;136;15;5;0;9;2;12;23;30;29;24;19;13;34;230;24;28;20;16;7;0;95;325
DOUAI 1;lycee;25042;6911;18131;28958.25;343014;199004;77317.729999999996;2248.96;339525;20;0;9;208;36;273;172;205;26;13;3;32;7;16;34;37;35;36;31;28;48;388;21;31;19;12;7;0;90;478
LAON 1;lycee;18646.130000000001;6036.0500000000002;12610.08;3981;52911;24367;10898.360000000001;NA;56359;17;13;9;57;15;111;113;118;16;6;0;9;0;7;7;11;9;22;21;14;27;157;29;14;10;13;6;0;72;229
LILLE 1;lycee;14744;6220;8524;61292.650000000001;418254;266715;84597.119999999995;3903.0300000000002;409077;36;0;0;177;137;350;323;394;72;16;0;50;1;24;41;65;51;52;53;37;91;625;24;37;24;18;16;0;119;744
SAINT-OMER 1;lycee;10509.290000000001;6581.0699999999997;3928.2199999999998;12853;176091;113422;31940.220000000001;1995.2;177880;16;10;3;57;12;99;118;150;7;4;0;5;0;6;12;15;24;11;19;21;38;168;15;24;21;9;6;6;81;249
SAINT-QUENTIN 1;lycee;17616;4961;12655;29303.5;227526;140463;53293.779999999999;2490.3699999999999;233564;17;21;0;101;21;164;172;219;22;5;1;10;3;15;19;25;18;20;19;25;60;250;41;39;24;13;6;10;133;383
TOURCOING 1;lycee;25000;8650;16350;9499.3500000000004;143605;71001;34213.830000000002;1699.02;132846;16;0;5;70;59;150;41;96;0;0;0;0;0;0;0;0;0;0;0;26;57;83;31;51;37;24;8;12;163;246
VALENCIENNES 1;lycee;9011.7000000000007;4266.5200000000004;4745.1800000000003;22564;217027;136886;43907.709999999999;2197.2600000000002;221188;8;0;0;99;67;174;151;195;7;2;1;15;6;10;24;23;23;30;22;18;64;257;45;24;21;12;10;0;112;369
GRENOBLE 1;lycee;28992;11606;17386;38617.5;447986;244128;112387.47;4075.5999999999999;433284;58;7;8;253;46;374;308;339;108;24;0;49;0;33;47;58;59;51;38;39;67;614;21;26;24;13;9;6;99;713
TOURNON(G) 1;lycee;38509.849999999999;5949.6999999999998;32560.150000000001;11451.5;160926;107487;27815.200000000001;1296.95;162706;20;0;0;69;2;91;92;136;9;9;0;19;0;20;25;26;15;16;10;9;13;181;18;17;4;6;1;0;46;227
BOURG 1;lycee;16528.23;3625.5799999999999;12902.65;11248;304245;137229;85913.449999999997;2499.9899999999998;294934;37;14;10;211;16;288;109;132;19;13;0;18;0;19;27;28;27;26;32;25;47;294;32;36;30;16;8;4;126;420
LYON(G) 1;lycee;9000;6000;3000;147106.5;868223;492793;196334.76000000001;9472.7000000000007;876952;26;14;0;140;228;411;693;791;102;44;2;65;8;73;106;111;90;69;68;49;101;952;59;100;48;20;13;10;250;1202
MACON 1;lycee;8022.7299999999996;3310.0900000000001;4712.6400000000003;15174;183929;112586;42751.790000000001;2092.6199999999999;184985;24;0;0;94;59;177;167;171;17;10;0;9;5;13;21;26;18;26;25;30;37;246;25;40;22;9;6;0;102;348
SAINT-ETIENNE 1;lycee;7410.7399999999998;3000.9000000000001;4409.8400000000001;29639.900000000001;225959;144884;41301.660000000003;2232.5599999999999;222842;18;0;47;67;25;158;199;272;19;15;0;12;0;12;24;23;22;29;31;34;51;312;27;27;20;16;14;14;118;430
CARCASSONNE 1;lycee;4888;3178;1710;18929.75;524744;269800;136474.38;3898.1199999999999;519602;13;17;1;220;8;260;63;65;33;21;0;32;2;20;50;61;0;0;0;0;0;244;0;42;18;9;6;6;81;325
CARCASSONNE-PL 1;lycee;2271.3499999999999;810.92999999999995;1460.4200000000001;-0.01;NA;NA;-0.01;-0.01;NA;0;3;1;159;19;182;113;113;0;0;0;0;0;0;0;0;68;52;42;30;39;231;64;0;0;0;0;0;64;295
MONTPELLIER(G) 1;lycee;4962.9499999999998;2851.25;2111.6999999999998;71585.229999999996;574702;329707;141416.41;4802.8599999999997;571054;37;0;2;188;19;248;453;457;57;37;3;44;17;54;77;48;45;50;40;34;31;588;29;42;31;11;4;0;117;705
NIMES 1;lycee;18485;7878.5600000000004;10606.440000000001;63729;363721;232061;77451.75;2758.4400000000001;363927;33;3;21;199;70;328;371;445;81;28;3;56;5;58;68;72;69;55;45;33;20;631;34;50;34;13;7;4;142;773
BAR-LE-DUC 1;lycee;13440;4488;8952;15979.120000000001;268502;144856;68079.419999999998;2003.0999999999999;261286;25;4;4;164;18;215;109;148;28;10;0;16;7;19;47;29;29;21;22;7;15;272;19;30;22;13;7;0;91;363
NANCY 1;lycee;17574.75;6824.3999999999996;10750.35;80344.880000000005;559875;316775;142822.69;3297.6999999999998;569488;88;3;7;305;54;457;450;503;161;22;2;40;11;52;68;81;66;64;53;45;55;840;19;34;27;18;12;10;120;960
ANGOULEME 1;lycee;16703;7390;9313;33005.150000000001;342629;213020;74731.880000000005;3999.6799999999998;335693;17;13;2;229;31;292;202;268;36;19;0;30;7;29;37;52;57;40;38;23;39;442;21;43;37;13;4;0;118;560
CHATEAUROUX 1;lycee;18230;3360;14870;17891.75;222363;122873;56876.980000000003;2100.02;213534;20;5;9;168;18;220;167;210;19;22;0;23;0;19;29;45;34;29;33;24;50;335;18;33;28;9;5;2;95;430
LIMOGES 1;lycee;10250;3785;6465;34866.25;242049;155628;51847.370000000003;2877.1999999999998;248452;23;0;7;147;53;230;312;351;29;13;0;40;0;25;38;64;53;44;40;23;91;475;26;29;32;12;7;0;106;581
NIORT(G) 1;lycee;21000;6070;14930;9242;181830;111135;45845.790000000001;1999;187907;16;28;13;121;32;210;129;142;17;16;0;17;3;12;30;26;29;25;25;14;41;267;28;35;22;0;0;0;85;352
POITIERS 1;lycee;17743;4940;12803;22833.5;281687;161462;68838.350000000006;2374.75;286427;29;0;7;193;14;243;189;228;39;28;3;20;12;18;39;49;22;38;28;25;52;395;25;27;14;4;4;2;76;471
ROCHEFORT 1;lycee;8519.7299999999996;4283.5900000000001;4236.1400000000003;19267;215463;114306;43610.470000000001;1794.6199999999999;204970;23;27;17;107;9;183;141;223;26;14;0;12;0;13;22;30;41;26;23;17;27;316;27;31;21;7;4;0;90;406
ROCHELLE(LA) 1;lycee;11021.700000000001;5008.8999999999996;6012.8000000000002;14402;176830;111874;39091.110000000001;1770.3599999999999;175501;22;2;22;91;17;159;159;198;15;14;0;11;0;20;27;26;27;14;23;25;43;253;29;30;29;10;6;0;104;357
ROCHE-SUR-YON(LA) 1;lycee;10400;3099.4499999999998;7300.5500000000002;9046.75;154859;102918;31987.59;1699.52;159309;11;6;3;99;8;127;135;158;5;8;0;11;4;8;18;21;24;22;24;7;71;231;18;25;6;5;0;0;54;285
TOURS(G) 1;lycee;10270;4316;5954;35099.75;311027;202002;71803.029999999999;3073.6100000000001;325089;29;0;13;172;36;251;269;293;33;3;12;5;13;27;34;50;40;35;39;24;79;432;49;29;13;13;8;0;112;544
ANGERS 1;lycee;18210;5760;12450;32735.5;257809;152633;55833.199999999997;2594.23;257020;21;0;10;123;44;198;222;250;10;5;0;24;0;19;30;36;41;35;20;29;91;351;11;22;25;18;14;7;97;448
BREST 1;lycee;6918.9399999999996;3246.1100000000001;3672.8299999999999;46191.650000000001;510813;280310;104612.64999999999;3103.8400000000001;501488;33;3;16;242;33;393;383;508;180;9;2;20;1;29;34;46;46;74;64;43;55;762;41;47;29;16;6;0;139;901
LAVAL 1;lycee;26106.599999999999;3871;22235.599999999999;17187;345088;179757;92977.039999999994;4218.2299999999996;328988;16;48;16;159;54;293;172;176;21;11;0;29;1;18;23;31;24;32;26;25;91;343;48;42;20;11;5;0;126;469
LORIENT 1;lycee;7492;2867;4625;23785.869999999999;206661;140093;33907.169999999998;2165.71;203625;25;2;0;35;38;115;197;308;28;8;2;10;2;8;19;32;34;32;16;27;44;333;27;32;16;4;11;0;90;423
NANTES(G) 1;lycee;17425.419999999998;8855.4200000000001;8570;56452.18;309896;227745;43261.93;4310.0299999999997;306489;26;0;17;58;49;150;201;215;63;21;1;21;5;23;35;16;19;14;17;10;17;299;23;15;16;6;6;0;66;365
PONTIVY 1;lycee;10450;5253;5197;12740;153016;102688;24468.650000000001;1707.3399999999999;147858;20;4;6;54;3;87;176;206;10;13;1;6;0;11;8;14;18;18;16;12;49;180;48;26;25;6;4;4;113;293
QUIMPER 1;lycee;14721.33;6495.0500000000002;8226.2800000000007;11285.5;180316;101425;34372.32;2160.0900000000001;168363;49;0;2;76;4;131;130;156;14;7;0;11;0;9;26;16;25;22;12;18;37;204;24;25;17;6;7;4;83;287
RENNES 1;lycee;16300;5530;10770;35545;337006;206451;79166.5;2896.6399999999999;328539;32;18;3;140;32;226;268;307;47;20;0;25;0;29;33;37;32;25;24;35;94;431;13;30;20;17;14;8;102;533
SAINT-BRIEUC 1;lycee;17668.389999999999;3696.5999999999999;13971.790000000001;11178;186606;111924;43384.160000000003;2228.4499999999998;188820;23;0;0;87;11;121;133;163;16;12;0;14;0;8;20;18;16;22;20;10;53;215;9;29;16;15;0;0;69;284
ALBI 1;lycee;9785;3148.4400000000001;6636.5600000000004;14616.5;168391;105962;36660.459999999999;1737.3699999999999;167515;12;6;0;80;23;121;148;192;17;9;4;12;6;13;25;15;22;19;22;17;44;234;17;32;20;7;3;0;79;313
AUCH 1;lycee;6302;3547;2755;6569.25;182673;103717;39759.779999999999;1834.97;173424;13;11;0;105;22;152;77;108;9;10;0;9;7;12;19;20;17;23;16;14;19;186;13;26;22;5;7;1;74;260
CAHORS 1;lycee;13744.91;4213.3699999999999;9531.5400000000009;17944.5;171288;109465;39489.379999999997;1830.3599999999999;177367;30;0;3;104;5;154;167;206;16;21;4;11;6;24;31;34;28;23;26;16;45;297;14;19;16;4;10;0;63;360
FOIX 1;lycee;21325;5910.6499999999996;15414.35;2212;54165;23950;10742.809999999999;NA;63121;27;0;0;77;17;121;109;115;6;5;0;14;7;12;26;15;17;16;16;16;21;178;24;24;6;4;0;0;58;236
MONTAUBAN(G) 1;lycee;46000;6600;39400;15534.5;170066;109052;27467.599999999999;1799.8499999999999;169196;15;27;0;48;12;102;173;187;19;4;0;14;1;15;21;25;24;30;15;11;28;212;15;27;13;11;6;5;77;289
RODEZ 1;lycee;8620.8999999999996;3774.3499999999999;4846.5500000000002;14024;172468;108456;42344.07;1911.5699999999999;179216;19;2;0;121;9;151;148;183;18;11;0;30;0;19;24;28;23;32;21;17;29;262;10;30;13;15;4;0;72;334
TARBES 1;lycee;6640;2798;3842;19094.130000000001;170303;113786;33295.129999999997;2540.8499999999999;169508;16;5;3;77;22;123;201;236;19;5;0;7;7;23;31;21;27;29;33;26;46;286;11;18;18;10;9;7;73;359
TOULOUSE(G) 1;lycee;26739.950000000001;12884.950000000001;13855;106415.34;624203;355653;129576.03;5362.8900000000003;619133;61;1;31;313;91;497;508;710;100;50;5;58;26;66;92;91;91;112;75;69;91;1028;35;43;52;22;16;11;179;1207