;CODE DU CHEF-LIEU, VILLE;NOM VILLE;CODE DU LYCEE OU COLLEGE;DATE DE FONDATION;SUPERFICIE TOTALE;SUPERFICIE BATIE;SUPERFICIE LIBRE;RECETTE SUBVENTION ETAT;RECETTE SUBVENTION DEPARTEMENT;RECETTE BOURSES ETAT;RECETTE BOURSES DEPARTEMENT;RECETTE BOURSES COMMUNE;RECETTE BOURSES FONDATION;RECETTE COMPLEMENTS;RECETTE FRAIS ETUDES;RECETTE LYCEE RENTES;RECETTE DIVERSES EX;RECETTE TROUSSEAU;RECETTE TOTALE;PRIX BOURSE PENSION;PRIX BOURSE DEMI-PENSION;PRIX BOURSE EXTERNES;PRIX PENSION ELEMENTAIRE;PRIX PENSION GRAMMAIRE;PRIX PENSION SUPERIEUR;PRIX PENSION MATHEMATIQUES;RETRIBUTION FRAIS ELEMENTAIRE;RETRIBUTION FRAIS GRAMMAIRE;RETRIBUTION FRAIS SUPERIEUR;RETRIBUTION FRAIS MATHEMATIQUES;RETRIBUTION ADMISSION;DEPENSE PERSONNEL TRAITEMENT;DEPENSE PERSONNEL INDEMNITES;DEPENSE PERSONNEL TOTAL;DEPENSE PERSONNEL CLASSIQUE TRAITEMENT;DEPENSE PERSONNEL CLASSIQUE INDEMNITES;DEPENSE PERSONNEL CLASSIQUE TOTAL;DEPENSE PERSONNEL SPECIAL TRAITEMENT;DEPENSE PERSONNEL SPECIAL INDEMNITES;DEPENSE PERSONNEL SPECIAL TOTAL;DEPENSE PERSONNEL MAITRE;DEPENSE PERSONNEL SUBVEILLANT;DEPENSE PERSONNEL MEDECIN;DEPENSE PERSONNEL AGENT;DEPENSE PERSONNEL TOTAL;DEPENSE NOURRITURE;DEPENSE MATERIEL HABILLEMENT;DEPENSE MATERIEL CHAUFFAGE;DEPENSE FRAIS SERVICE;DEPENSE MATERIEL BIBLIOTHEQUE;DEPENSE MATERIEL TROUSSEAU;DEPENSE MATERIEL TOTAL;DEPENSES TOTAL;REPORT TOTAL RECETTES;COMPARAISON RECETTE;COMPARAISON DEPENSE;ELEVE INTERNE BOURSE NATIONALE;ELEVE INTERNE BOURSE DEPARTEMENTALE;ELEVE INTERNE BOURSE COMMUNALE;ELEVE INTERNE BOURSE FONDATION;ELEVE INTERNE PENSION LIBRE;ELEVE INTERNE DEMI-PENSIONNAIRE;ELEVE INTERNES TOTAL;ELEVE EXTERNES BOURSE NATIONALE;ELEVE EXTERNE BOURSE DEPARTEMENTALE;ELEVE EXTERNE BOURSE COMMUNALE;ELEVE EXTERNE SURVEILLE;ELEVE EXTERNES LIBRE;ELEVE EXTERNE ETABLISSEMENT;ELEVE EXTERNES TOTAL;ELEVES TOTAL GENERAL;ELEVE CLASSE MATHEMATIQUES SUPERIEUR NOUVEAU;ELEVE CLASSE MATHEMATIQUES SUPERIEUR VETERAN;ELEVE CLASSIQUE MATHEMATIQUES ELEMENTAIRE;ELEVE CLASSIQUE MATHEMATIQUES PREPA;ELEVE CLASSIQUE PHILOSOPHIE NOUVEAU;ELEVE CLASSIQUE PHILOSOPHIE VETERAN;ELEVE CLASSIQUE RHETORIQUE NOUVEAU;ELEVE CLASSIQUE RHETORIQUE VETERAN;ELEVE EN CLASSIQUE 2;ELEVE EN CLASSIQUE 3;ELEVE EN CLASSIQUE 4;ELEVE EN CLASSIQUE 5;ELEVE EN CLASSIQUE 6;ELEVE EN CLASSIQUE 7;ELEVE EN CLASSIQUE 8;ELEVE CLASSIQUE CLASSE PRIMAIRE;ELEVE CLASSIQUE TOTAL;ELEVE ENSEIGNEMENT SPECIAL 6;ELEVE ENSEIGNEMENT SPECIAL 5;ELEVE ENSEIGNEMENT SPECIAL 4;ELEVE ENSEIGNEMENT SPECIAL 3;ELEVE ENSEIGNEMENT SPECIAL 2;ELEVE ENSEIGNEMENT SPECIAL 1;ELEVE ENSEIGNEMENT SPECIAL TOTAL;REPARTITION ELEVE TOTAL;EN PREPA ECOLE NORMALE LETTRE;EN PREPA ECOLE NORMALE SCIENCE;EN PREPA ECOLE POLYTECHNIQUE;EN PREPA ECOLE SAINT-CYR;EN PREPA ECOLE NAVALE;EN PREPA ECOLE FORESTIERE;EN PREPA ECOLE CENTRALE;EN PREPA ECOLE NORMALE CLUNY;877 ELEVE CLASSIQUE PASS;878 ELEVE CLASSIQUE PASS;879 ELEVE CLASSIQUE PASS;880 ELEVE CLASSIQUE PASS;881 ELEVE CLASSIQUE PASS;882 ELEVE CLASSIQUE PASS;883 ELEVE CLASSIQUE PASS;884 ELEVE CLASSIQUE PASS;885 ELEVE CLASSIQUE PASS;886 ELEVE CLASSIQUE PASS;887 ELEVE CLASSIQUE PASS;ELEVE CLASSIQUE TOTAL;ELEVE SPECIAL PASSE;878 ELEVE SPECIAL PASSE;879 ELEVE SPECIAL PASSE;880 ELEVES SPECIAL PASSE;881 ELEVES SPECIAL PASSE;882 ELEVES SPECIAL PASSE;883 ELEVES SPECIAL PASSE;884 ELEVES SPECIAL PASSE;885 ELEVES SPECIAL PASSE;886 ELEVES SPECIAL PASSE;887 ELEVES SPECIAL PASSE;ELEVES SPECIAL TOTAL
1;0;FRANCE;0;NA;-0.01;-0.01;-0.01;7741596.2800000003;83872.850000000006;1931982.6899999999;351411.73999999999;707716.75;80605.479999999996;15108822;3661064.8100000001;11469.620000000001;1095399.6499999999;1783068.6399999999;32496508;NA;NA;NA;NA;NA;NA;NA;NA;NA;NA;NA;NA;2296217.1400000001;172745.5;2388809.0499999998;9502433.4900000002;1301796.99;10804232;1544587.1100000001;265291.56;1800879.0800000001;693919.92000000004;1846955.04;124525.10000000001;1087026.3799999999;18805005;6908451.54;1392585.26;2815372.96;300908.51000000001;189068.10999999999;1669119.8600000001;13275504;32030509;32392510;564608.19999999995;249789.48999999999;2711;674;865;206;14860;5499;24815;206;172;756;2511;21638;1683;26966;51781;802;734;3715;1535;1495;183;2323;486;2326;3596;4111;3914;3952;3604;2906;5411;41093;312;671;1147;2232;3328;2998;10688;51718;173;279;943;807;319;55;148;39;517;518;598;803;674;618;1021;874;965;1183;1650;9421;109;111;121;243;146;141;285;143;138;240;389;2070
2;0;PARIS;0;NA;-0.01;-0.01;-0.01;-0.01;-0.01;-0.01;-0.01;-0.01;-0.01;NA;-0.01;-0.01;-0.01;-0.01;NA;NA;NA;NA;NA;NA;NA;NA;NA;NA;NA;NA;NA;-0.01;-0.01;-0.01;-0.01;-0.01;NA;-0.01;-0.01;-0.01;-0.01;-0.01;-0.01;-0.01;NA;-0.01;-0.01;-0.01;-0.01;-0.01;-0.01;NA;NA;NA;-0.01;-0.01;NA;NA;NA;NA;NA;NA;NA;NA;NA;NA;NA;NA;NA;NA;NA;NA;NA;NA;NA;NA;NA;NA;NA;NA;NA;NA;NA;NA;NA;NA;NA;NA;NA;NA;NA;NA;NA;NA;NA;NA;NA;NA;NA;NA;NA;NA;NA;NA;68;95;102;89;139;120;282;276;296;316;561;2344;2;5;5;10;7;6;9;15;15;11;119;204
3;1;LOUIS-LE-GRAND;1;1802;15413.299999999999;7074;8339.2999999999993;207192.5;NA;66299;1875;49601.25;7440;658668;181286.75;173;30530.029999999999;87926.309999999998;1290992;1200;675;250;1100;1300;1500;1650;250;300;350;400;100;54850;7258.3400000000001;62108.339999999997;434683.23999999999;67599.309999999998;502283;NA;NA;NA;28886.669999999998;82332.630000000005;5760;50987.790000000001;732353;264118.20000000001;45915.129999999997;118032.2;11576.860000000001;6799.46;86583.979999999996;533026;1265384;1290992;25608.380000000001;NA;59;2;45;4;228;126;464;7;0;0;1;262;224;494;958;34;48;108;35;69;57;97;78;110;164;158;0;0;0;0;0;958;0;0;0;0;0;0;0;958;65;27;79;39;0;0;8;0;33;37;43;18;43;37;30;31;32;41;25;370;0;0;0;0;0;0;0;0;0;0;0;0
4;1;LOUIS-LE-GRAND-PL;2;1881;13504.299999999999;5488.8000000000002;8015.5;-0.01;-0.01;-0.01;-0.01;-0.01;-0.01;NA;-0.01;-0.01;-0.01;-0.01;NA;NA;NA;NA;NA;NA;NA;NA;NA;NA;NA;NA;NA;-0.01;-0.01;-0.01;-0.01;-0.01;NA;-0.01;-0.01;-0.01;-0.01;-0.01;-0.01;-0.01;NA;-0.01;-0.01;-0.01;-0.01;-0.01;-0.01;NA;NA;NA;-0.01;-0.01;5;0;20;3;110;170;308;0;0;0;0;259;55;314;622;0;0;0;0;0;0;0;0;0;0;0;173;175;118;78;78;622;0;0;0;0;0;0;0;622;NA;NA;NA;NA;NA;NA;NA;NA;NA;NA;NA;NA;NA;NA;NA;NA;NA;NA;NA;NA;NA;NA;NA;NA;NA;NA;NA;NA;NA;NA;NA;NA
5;1;HENRI IV;3;1803;20648.5;5572.3000000000002;15076.200000000001;184760;NA;102100;1875;36461.25;NA;329663;75355.25;881;95554.050000000003;32821.800000000003;859472;1200;675;250;1100;1300;1500;1650;250;300;350;400;100;41480.540000000001;6100.5200000000004;47581.059999999998;282172.52000000002;34445;316618;NA;NA;NA;15538.35;59700.230000000003;5560;20404.459999999999;465402;153413.29999999999;38228.650000000001;47923.989999999998;7445.1199999999999;4734.4499999999998;141590.20999999999;393336;858737;859472;734.24000000000001;NA;92;1;40;1;187;119;440;4;0;0;28;246;29;307;747;24;11;75;17;31;21;56;23;34;69;85;81;92;54;38;36;747;0;0;0;0;0;0;0;747;44;10;22;19;0;0;6;0;7;19;20;21;20;22;18;30;15;13;12;197;0;0;0;0;0;0;0;0;0;0;0;0
6;1;SAINT-LOUIS;4;1812;13117.959999999999;6963.9099999999999;6154.0500000000002;176318.04999999999;NA;44253.75;675;38752.5;1300;452936;132254.29999999999;150;30794.68;52066.800000000003;929501;1200;675;250;1100;1300;1500;1650;250;300;350;400;100;35005.550000000003;2605.8299999999999;37611.379999999997;284294.53000000003;103670.45;387965;NA;NA;NA;13000;58663.580000000002;4360;18942.990000000002;520543;176972.04999999999;17711.080000000002;112444.96000000001;5240.8100000000004;6725.5500000000002;44530.919999999998;363625;884168;929501;45333.029999999999;NA;46;0;6;1;274;90;417;5;0;0;0;364;95;464;881;104;168;333;45;19;0;36;5;17;27;41;32;25;17;12;0;881;0;0;0;0;0;0;0;881;0;54;130;110;17;4;70;0;0;0;0;0;0;0;160;147;130;128;155;720;0;0;0;0;0;0;0;0;0;0;0;0
7;1;CHARLEMAGNE;5;1803;6409.6300000000001;2708.1700000000001;3701.46;207974.95999999999;NA;23540.75;2700;20250;NA;234850;194800.25;NA;32557.080000000002;NA;716673;0;675;250;680;750;800;800;250;300;350;400;100;25680.560000000001;3978.0500000000002;29658.610000000001;311217.72999999998;37832.730000000003;349050;67166.729999999996;14509.27;81676;18060;70018.369999999995;960;18134.799999999999;567558;78103.940000000002;452.82999999999998;57014.449999999997;8660.5200000000004;6455.1599999999999;NA;150687;718245;716673;NA;1571.8499999999999;27;3;29;1;0;313;373;17;0;0;104;492;125;738;1111;13;17;50;14;36;1;25;3;66;87;117;84;83;88;66;39;789;10;17;30;63;94;108;322;1111;6;11;26;6;4;1;8;0;2;3;2;2;3;5;4;3;6;2;3;35;0;0;0;1;3;0;2;4;1;3;4;18
8;1;CONDORCET;6;1803;5600;3600;2000;191266.64000000001;NA;17981.25;1350;19237.5;950;274962;370096.09999999998;NA;11699.780000000001;NA;887543;0;675;250;700;750;1000;1000;250;300;350;400;100;36291.650000000001;6291.6499999999996;42583.300000000003;512412.48999999999;65579.139999999999;577992;NA;NA;NA;17250;65361;1560;26740.349999999999;731486;89915.330000000002;423.94999999999999;58354.410000000003;11886.629999999999;5970;NA;166550;898037;887543;NA;10493.68;21;2;19;1;0;155;198;9;0;0;0;605;276;890;1088;35;30;120;33;95;7;151;20;147;225;225;0;0;0;0;0;1088;0;0;0;0;0;0;0;1088;6;10;58;24;0;0;4;0;NA;NA;NA;NA;NA;NA;NA;NA;NA;NA;NA;NA;0;0;0;0;0;0;0;0;0;0;0;0
9;1;CONDORCET-PL;7;1881;2880;1550;1330;-0.01;-0.01;-0.01;-0.01;-0.01;-0.01;NA;-0.01;-0.01;-0.01;-0.01;NA;NA;NA;NA;NA;NA;NA;NA;NA;NA;NA;NA;NA;-0.01;-0.01;-0.01;-0.01;-0.01;NA;-0.01;-0.01;-0.01;-0.01;-0.01;-0.01;-0.01;NA;-0.01;-0.01;-0.01;-0.01;-0.01;-0.01;NA;NA;NA;-0.01;-0.01;2;0;13;0;0;193;208;1;0;0;0;459;94;554;762;0;0;0;0;0;0;0;0;0;0;0;242;195;147;73;105;762;0;0;0;0;0;0;0;762;NA;NA;NA;NA;NA;NA;NA;NA;NA;NA;NA;NA;NA;NA;NA;NA;NA;NA;NA;NA;NA;NA;NA;NA;NA;NA;NA;NA;NA;NA;NA;NA
10;1;JANSON-DE-SAILLY;8;1876;32744.439999999999;9000;23744.439999999999;101487.34;NA;55556.25;NA;15912.5;NA;610280;152322.5;NA;35641.5;107490.45;1078691;1200;675;250;1100;1300;1500;1650;250;300;350;400;100;40625;4880;45505;277274.96000000002;39170.370000000003;316445;58065.290000000001;20290.380000000001;68355.669999999998;20222.220000000001;58088.470000000001;5560;19194.490000000002;533371;191346.45000000001;44596.160000000003;162371.41;7922.8100000000004;6628.6599999999999;75221.369999999995;488087;1021458;1078691;57232.980000000003;NA;57;0;21;0;371;330;779;5;0;2;0;620;94;721;1500;13;17;76;47;22;1;59;7;69;95;141;139;134;134;112;135;1201;3;10;35;81;96;74;299;1500;7;5;16;15;0;0;2;0;0;0;0;0;0;0;0;16;29;36;24;105;0;0;0;0;0;0;0;4;6;3;3;16
11;31;MICHELET;11;1864;173899;9000;164899;17640.549999999999;NA;18841.869999999999;675;NA;NA;1025058;6391;35;61318.449999999997;167601.10000000001;1297561;1200;675;250;1100;1300;1500;1650;250;300;350;400;100;42941.660000000003;3885;46826.660000000003;277727.77000000002;30530.549999999999;308258;NA;NA;NA;18500;85271.889999999999;5600;41626.199999999997;506083;286642.66999999998;124689.14999999999;212082.34;8944.9099999999999;3889.3299999999999;184579.48000000001;820828;1326911;1297561;NA;29349.73;17;0;0;0;884;39;940;0;0;0;0;52;0;52;992;4;4;17;23;16;7;41;3;43;76;107;136;155;142;110;108;992;0;0;0;0;0;0;0;992;8;1;5;1;0;0;0;0;0;1;1;1;2;1;1;1;3;3;2;16;0;0;0;0;0;0;0;0;0;0;0;0
12;3;LAKANAL;12;1885;98981;12309.6;86671.399999999994;109833.33;NA;60620;NA;4830;NA;219614;7681.5;NA;28112.599999999999;39079.220000000001;461770;1200;675;250;1100;1300;1500;1650;250;300;350;0;0;32325;2963.8899999999999;35288.889999999999;106926.67;13125;120052;3336.1199999999999;1479.4400000000001;4815.5600000000004;7026;19937.880000000001;2800;13771.469999999999;203691;83737.309999999998;20648.439999999999;83783.169999999998;2999.6500000000001;2896.9099999999999;45203.5;239269;442960;461770;18809.900000000001;NA;74;0;4;0;212;34;324;0;0;0;0;48;0;48;372;0;0;21;11;8;0;9;15;15;27;23;29;25;27;24;16;250;0;0;0;31;43;48;122;372;14;0;0;4;0;0;0;0;0;0;0;0;0;0;0;0;14;9;6;29;0;0;0;0;0;0;0;0;0;1;6;7
13;2;BOURGES;33;1803;9100;4250;4850;52000;NA;8532;2700;2700;NA;100235;18732.5;NA;13347.959999999999;11931.719999999999;310179;750;450;120;750;800;850;0;100;140;175;0;90;19575;900;20475;67851.25;8641.6000000000004;76493;13530.75;1950;15480.75;5800;11509.700000000001;900;8566.75;139225;44361.82;7408.7399999999998;19312.07;2216.0500000000002;1507.99;8263.6700000000001;83070;222295;210179;NA;12116.610000000001;17;4;6;0;119;40;186;2;0;0;33;172;0;207;393;0;0;23;12;5;0;19;5;18;37;32;33;28;32;23;59;326;3;2;8;12;22;20;67;393;0;0;6;2;0;0;0;3;3;4;5;3;6;3;7;5;4;4;3;47;2;3;3;4;2;2;3;5;3;2;4;33
14;1;CHARTRES;41;1887;20478;8247.4899999999998;12230.51;21414.970000000001;NA;5070;NA;840;NA;27726;5388;NA;2837;9289.1000000000004;72565;700;425;100;650;700;750;0;80;100;120;0;90;4775.5500000000002;305.82999999999998;5081.3800000000001;12986.91;1537.3699999999999;14524;3559.9899999999998;316.37;3876.3600000000001;1503.72;2911.0599999999999;195.53999999999999;2157.8299999999999;30250;14366.370000000001;1222.5799999999999;23720.889999999999;NA;NA;6903.1300000000001;46213;76463;72565;NA;3897.8200000000002;32;0;0;0;108;41;181;0;0;16;35;96;17;164;345;0;0;10;13;0;5;0;17;20;22;24;23;23;26;20;42;245;3;3;9;23;32;30;100;345;0;0;0;1;0;0;0;0;0;0;0;0;0;0;0;0;0;0;242;242;0;0;0;0;0;0;0;0;0;0;102;102
15;3;ORLEANS;91;1803;8706;4013;4693;135097.22;NA;22947.25;1600;3800;1360;104697;23339.43;NA;3324.04;11549.309999999999;307714;800;475;120;750;800;850;1000;100;140;175;250;0;23700;517.5;24217.5;79613.350000000006;13873.610000000001;93487;16337.219999999999;3050;19387.220000000001;5720;15859.9;1000;10204.370000000001;169876;63270.980000000003;13420.540000000001;18429.470000000001;3066.4200000000001;1394.6199999999999;12418.549999999999;112001;281877;307714;25837.84;NA;36;3;8;2;99;58;206;1;0;0;0;164;21;186;392;7;8;40;10;15;0;16;7;14;33;28;22;36;20;19;54;329;3;0;6;15;23;16;63;392;0;0;7;7;1;0;1;2;5;7;10;3;6;16;8;5;4;9;6;79;0;1;1;1;0;2;1;1;2;1;0;10
16;4;REIMS(G);98;1803;14425;6273;8152;104990.28;NA;18278.75;NA;7925;NA;201990;37626;900;9810.8299999999999;13741.25;395262;850;500;150;850;900;950;1000;140;175;225;300;0;23756.669999999998;1745;25501.669999999998;114873.34;18695.669999999998;133569;28500.540000000001;2641.9499999999998;31142.490000000002;5600;22166.599999999999;850;11686.41;230516;93522.919999999998;14867.469999999999;32270.16;3596.6500000000001;4061.2600000000002;11267.5;159586;390102;395262;5159.7700000000004;NA;24;0;17;0;156;136;333;3;0;5;0;287;0;295;628;10;8;43;11;14;0;34;3;31;37;39;40;45;43;44;125;527;0;4;7;23;33;34;101;628;0;3;15;11;0;0;6;0;16;17;15;7;17;18;16;8;17;16;13;160;0;1;1;2;0;2;2;1;0;0;0;9
17;3;VENDOME;125;1847;16871;3449;13422;85040.25;NA;10382.5;3500;7000;800;53301;5188.75;NA;3472.8699999999999;6328.04;175014;700;425;90;650;700;750;0;90;110;130;0;90;17900;625;18525;52712.629999999997;5975.25;58688;9603.3500000000004;3700;13303.35;4600;7227.1300000000001;800;6314.3999999999996;109458;39036.169999999998;9988.25;11447.200000000001;1699.27;790.16999999999996;7477.5500000000002;70439;179896;175014;NA;4882.5200000000004;15;5;9;0;62;15;106;0;0;1;7;60;0;68;174;0;0;9;2;3;0;6;0;5;7;15;12;15;12;12;18;116;0;4;8;11;19;16;58;174;0;0;0;0;0;0;0;1;0;0;0;0;0;0;0;0;0;0;9;9;0;0;0;0;0;0;0;0;0;0;0;0
18;6;VERSAILLES;126;1806;54422.879999999997;10297.67;44125.209999999999;150370.82999999999;NA;87953.75;NA;12225;NA;347940;83805;NA;74994.850000000006;63831.949999999997;821121;1100;625;200;950;1100;1200;1300;175;200;250;300;90;41000;4843.8500000000004;45843.849999999999;229658.32000000001;32323.330000000002;261981;29905.529999999999;5261.6599999999999;35167.190000000002;12650;43547.849999999999;1800;23358.849999999999;424349;136401.14999999999;43547.82;95814.309999999998;5986.04;3432.1300000000001;46184.730000000003;331366;755716;821121;64405.809999999998;NA;89;0;16;0;287;60;452;5;0;0;26;310;74;415;867;18;24;97;23;21;0;33;4;46;58;91;58;68;75;51;41;708;0;7;14;30;52;56;159;867;0;1;34;34;3;0;0;1;0;0;0;13;18;14;23;12;18;22;28;148;0;0;0;2;2;0;1;0;3;1;0;9
19;1;FONTANES;129;NA;-0.01;-0.01;-0.17999999999999999;-0.01;-0.01;-0.01;-0.01;-0.01;-0.01;NA;-0.01;-0.01;-0.01;-0.01;NA;NA;NA;NA;NA;NA;NA;NA;NA;NA;NA;NA;NA;-0.01;-0.01;-0.01;-0.01;-0.01;NA;-0.01;-0.01;-0.01;-0.01;-0.01;-0.01;-0.01;NA;-0.01;-0.01;-0.01;-0.01;-0.01;-0.01;NA;NA;NA;-0.01;-0.01;NA;NA;NA;NA;NA;NA;NA;NA;NA;NA;NA;NA;NA;NA;NA;NA;NA;NA;NA;NA;NA;NA;NA;NA;NA;NA;NA;NA;NA;NA;NA;NA;NA;NA;NA;NA;NA;NA;NA;NA;NA;NA;NA;NA;NA;NA;NA;NA;2;7;6;21;24;4;15;18;24;33;33;187;NA;NA;NA;NA;NA;NA;NA;NA;NA;NA;NA;NA
20;0;AIX;0;NA;-0.01;-0.01;-0.01;-0.01;-0.01;-0.01;-0.01;-0.01;-0.01;NA;-0.01;-0.01;-0.01;-0.01;NA;NA;NA;NA;NA;NA;NA;NA;NA;NA;NA;NA;NA;-0.01;-0.01;-0.01;-0.01;-0.01;NA;-0.01;-0.01;-0.01;-0.01;-0.01;-0.01;-0.01;NA;-0.01;-0.01;-0.01;-0.01;-0.01;-0.01;NA;NA;NA;-0.01;-0.01;NA;NA;NA;NA;NA;NA;NA;NA;NA;NA;NA;NA;NA;NA;NA;NA;NA;NA;NA;NA;NA;NA;NA;NA;NA;NA;NA;NA;NA;NA;NA;NA;NA;NA;NA;NA;NA;NA;NA;NA;NA;NA;NA;NA;NA;NA;NA;NA;45;36;45;45;51;50;47;51;48;60;110;588;15;18;16;14;14;16;15;19;17;16;36;196
21;1;AIX-EN-PROVENCE;14;1880;24315;7676;16639;35000;NA;13241.25;4217.5;3025;975;139994;21111.900000000001;NA;10698.299999999999;18346.700000000001;246610;750;450;90;700;750;800;0;100;125;150;0;90;19419.990000000002;29.170000000000002;19449.16;58431.620000000003;4441.1499999999996;62873;12200;2660;1486;14860;16487.700000000001;1000;7899.96;127640;74653.619999999995;10186.98;19404.490000000002;2498.5999999999999;1946.7;13505.9;122196;249836;246610;NA;3226.29;20;5;4;2;187;20;238;0;1;12;58;115;2;188;426;0;0;11;12;29;0;29;1;19;26;18;28;22;24;29;59;307;4;4;8;22;45;36;119;426;0;0;0;0;0;0;0;0;0;0;0;0;0;0;0;0;7;15;17;39;0;0;0;0;0;0;0;0;3;2;0;5
22;2;AVIGNON;22;1803;7306;3880;3426;42573.589999999997;NA;14186.25;11456.25;3450;NA;95365;18284.25;NA;8229.2700000000004;8273.5;201818;750;450;125;700;750;800;0;100;125;150;0;90;19083.299999999999;1559.7;20643;50885.860000000001;5977.6499999999996;56864;12050;3670;15720;5735;10120.200000000001;700;6969.21;116751;45683.139999999999;4311.9499999999998;19870.209999999999;1944.23;795.73000000000002;18260.34;90866;207617;201818;NA;5798.1599999999999;24;20;6;0;101;29;180;0;0;7;22;174;0;203;383;0;0;15;9;10;2;23;1;24;31;27;36;30;34;22;36;300;0;5;11;18;25;24;83;383;0;0;0;0;0;0;0;0;0;0;0;1;1;0;1;1;2;2;6;14;0;0;0;0;0;0;0;0;2;0;2;4
23;2;BASTIA;24;1844;7289.1300000000001;4266.8000000000002;3022.3299999999999;49058.209999999999;NA;22410;15120;12804;180;85708;28149.25;NA;3759.7800000000002;23634.5;240823;600;375;100;600;650;700;0;80;100;120;0;0;17907.200000000001;12.5;17919.700000000001;64318.629999999997;7031.21;71350;9500;3225;12725;4550;10447.549999999999;1300;8115.71;126408;59327.580000000002;16228.25;11340.040000000001;2488.23;1189.4300000000001;15564.83;106138;232546;240823;8277.3299999999999;NA;39;28;20;0;136;18;241;0;0;4;0;356;0;360;601;0;0;15;16;10;1;22;0;21;37;38;47;58;58;35;75;433;9;6;18;23;41;71;168;601;0;0;0;0;0;0;0;0;1;0;2;7;2;4;6;0;5;1;2;30;0;1;0;1;0;2;1;2;1;3;1;12
24;3;DIGNE;47;1887;15690.4;4966.3999999999996;10724;16662.799999999999;NA;984;NA;NA;NA;10014;2046.5;NA;724.10000000000002;10339.35;40771;600;0;90;550;600;650;0;70;80;100;0;90;3851.0799999999999;129.72999999999999;3980.8099999999999;10414.610000000001;1118.98;11534;2349.71;148.61000000000001;2498.3200000000002;411.10000000000002;1399.97;120.83;1260.5;21205;6411.79;712.35000000000002;10897.52;NA;NA;8150;26172;47377;40771;NA;6605.7799999999997;7;0;0;0;52;15;74;2;0;0;30;34;0;66;140;0;0;3;3;8;0;8;1;6;10;6;3;9;23;9;12;101;0;0;3;5;13;18;39;140;0;0;0;0;0;0;0;0;0;0;0;0;0;0;0;0;0;0;35;35;0;0;0;0;0;0;0;0;0;0;16;16
25;3;MARSEILLE;68;1802;18509;5514;12995;36700.269999999997;NA;36424.370000000003;7872;28375.5;NA;320631;163115.25;696;25278.669999999998;52234.419999999998;671328;950;550;150;900;950;1000;1100;150;200;250;300;90;38350;3295.8299999999999;41645.830000000002;199313.89999999999;28145.549999999999;227459;40130;3947.2199999999998;44077.220000000001;11128.92;37427.160000000003;2820;23195.490000000002;387754;134827.70999999999;21830.02;73239.039999999994;5972.5500000000002;3154.6799999999998;33259.540000000001;272284;660038;671328;11290.120000000001;NA;38;3;6;0;157;172;376;5;13;45;272;708;47;1090;1466;34;27;89;27;33;0;42;0;42;95;73;73;108;103;110;164;1020;7;20;29;63;162;165;446;1466;0;6;30;25;0;0;0;0;28;21;24;22;29;25;24;35;27;22;26;283;9;11;8;7;9;8;11;12;7;5;12;99
26;3;MARSEILLE-PL;69;1859;28466;1985;26481;-0.01;-0.01;-0.01;-0.01;-0.01;-0.01;NA;-0.01;-0.01;-0.01;-0.01;NA;NA;NA;NA;NA;NA;NA;NA;NA;NA;NA;NA;NA;-0.01;-0.01;-0.01;-0.01;-0.01;NA;-0.01;-0.01;-0.01;-0.01;-0.01;-0.01;-0.01;NA;-0.01;-0.01;-0.01;-0.01;-0.01;-0.01;NA;NA;NA;-0.01;-0.01;2;0;3;0;131;2;138;0;0;0;1;1;0;2;140;0;0;0;0;0;0;0;0;0;0;21;20;22;19;24;34;140;0;0;0;0;0;0;0;140;NA;NA;NA;NA;NA;NA;NA;NA;NA;NA;NA;NA;NA;NA;NA;NA;NA;NA;NA;NA;NA;NA;NA;NA;NA;NA;NA;NA;NA;NA;NA;NA
27;1;NICE(G);85;1860;14831;6881;7950;122113.88;280;28067.5;2852.5;9675;NA;151408;52134.5;260.39999999999998;6510.1300000000001;12049.389999999999;385351;800;475;150;800;850;900;1000;120;150;200;250;90;31648.330000000002;3341.0999999999999;34989.43;130726.08;16647.32;147373;22800;2300;25100;9880;19529.939999999999;1521.6700000000001;15547.66;253942;76099.130000000005;18512.299999999999;20563.25;4153.0299999999997;1498.54;8640.7600000000002;129467;383409;385351;1941.72;NA;40;7;8;0;94;79;228;6;0;0;21;419;0;446;674;10;2;31;11;14;1;27;12;27;39;47;37;36;49;65;125;533;1;6;18;21;56;39;141;674;0;0;8;4;0;0;0;0;7;9;10;11;8;12;11;9;7;9;17;110;4;5;5;6;4;4;3;5;4;3;5;48
28;1;NICE-PL(G);86;NA;-0.01;-0.01;-0.01;-0.01;-0.01;-0.01;-0.01;-0.01;-0.01;NA;-0.01;-0.01;-0.01;-0.01;NA;NA;NA;NA;NA;NA;NA;NA;NA;NA;NA;NA;NA;-0.01;-0.01;-0.01;-0.01;-0.01;NA;-0.01;-0.01;-0.01;-0.01;-0.01;-0.01;-0.01;NA;-0.01;-0.01;-0.01;-0.01;-0.01;-0.01;NA;NA;NA;-0.01;-0.01;1;0;0;0;29;9;39;0;0;0;2;22;0;24;63;0;0;0;0;0;0;0;0;0;0;0;0;18;18;9;18;63;0;0;0;0;0;0;0;63;NA;NA;NA;NA;NA;NA;NA;NA;NA;NA;NA;NA;NA;NA;NA;NA;NA;NA;NA;NA;NA;NA;NA;NA;NA;NA;NA;NA;NA;NA;NA;NA
29;4;TOULON;114;1861;16170;5724;10446;72961.100000000006;NA;43545.809999999998;420;8892;NA;79848;37495.879999999997;NA;3673.5500000000002;14543.299999999999;261380;800;475;120;750;800;850;0;100;140;175;0;90;20616.66;75.829999999999998;20692.490000000002;78238.880000000005;12415.219999999999;90654;8128.3299999999999;1120.8299999999999;9249.1599999999999;7100;14985;750;8095.8400000000001;151527;51292.139999999999;10646.549999999999;13777.280000000001;3129.0700000000002;1498.2;20579.490000000002;100923;252449;261380;8930.2700000000004;NA;18;0;11;59;87;38;213;0;24;22;57;295;0;398;611;87;0;49;12;19;0;22;0;19;26;49;39;56;35;53;74;540;0;0;9;10;28;24;71;611;0;0;0;5;22;0;0;0;9;6;9;4;11;9;5;6;0;11;7;77;2;1;3;0;1;2;0;0;0;3;0;12
30;0;BESANCON;0;NA;-0.01;-0.01;-0.01;-0.01;-0.01;-0.01;-0.01;-0.01;-0.01;NA;-0.01;-0.01;-0.01;-0.01;NA;NA;NA;NA;NA;NA;NA;NA;NA;NA;NA;NA;NA;-0.01;-0.01;-0.01;-0.01;-0.01;NA;-0.01;-0.01;-0.01;-0.01;-0.01;-0.01;-0.01;NA;-0.01;-0.01;-0.01;-0.01;-0.01;-0.01;NA;NA;NA;-0.01;-0.01;NA;NA;NA;NA;NA;NA;NA;NA;NA;NA;NA;NA;NA;NA;NA;NA;NA;NA;NA;NA;NA;NA;NA;NA;NA;NA;NA;NA;NA;NA;NA;NA;NA;NA;NA;NA;NA;NA;NA;NA;NA;NA;NA;NA;NA;NA;NA;NA;27;26;31;34;39;24;29;25;36;39;39;349;14;10;13;10;8;7;10;13;10;10;13;118
31;2;BELFORT;26;1873;37000;4844;32156;92229.160000000003;1680;10225.25;NA;NA;NA;111531;20761;NA;10481.66;11498.639999999999;258407;650;400;120;650;700;750;0;90;110;130;0;90;24300;2622.5;26922.5;57165.550000000003;7478.3199999999997;64644;22703.34;4096.6599999999999;26800;8298;14825.5;1000;9950;152440;62175.290000000001;16015.32;25460.470000000001;2461.2600000000002;1547.0899999999999;8897.3700000000008;110557;262997;258407;NA;4589.6099999999997;16;0;0;0;153;29;198;1;0;0;39;182;0;222;420;0;0;11;6;6;0;22;2;12;25;30;27;22;24;22;58;267;6;9;15;25;32;66;153;420;0;0;0;1;0;0;0;0;17;17;13;14;16;11;14;11;13;10;8;144;10;9;11;8;7;7;6;9;7;5;5;84
32;2;BESANCON(G);27;1803;24777.59;6836.9300000000003;17940.66;110679.16;600;25670.5;800;4785;NA;128303;35693.5;249;5794;7480;320054;800;475;150;800;850;900;1000;120;150;200;250;90;24908.330000000002;997.76999999999998;25906.099999999999;97889.160000000003;19301.66;117191;18133.330000000002;2395;20528.330000000002;6400;22607.73;1300;8660.8299999999999;202594;69626.600000000006;9680;20239.93;2725.9499999999998;1396.1700000000001;4622.71;108291;310885;320054;9168.7900000000009;NA;41;1;6;0;156;19;223;7;0;6;47;261;0;321;544;12;29;90;16;14;3;20;5;23;34;31;27;35;24;26;47;436;10;10;14;23;27;24;108;544;0;10;34;44;0;0;0;2;5;6;14;10;20;6;5;7;17;22;23;135;0;0;0;0;0;0;0;0;2;0;0;2
33;3;LONS-LE-SAUNIER;61;1863;20286;3991;16295;69402.770000000004;628.10000000000002;9596.25;13000;NA;NA;83507;8311.5;NA;4645.1999999999998;7962.3500000000004;197053;650;400;90;600;650;700;0;80;100;120;0;90;15400;2188.8800000000001;17588.880000000001;50127.169999999998;6545.2200000000003;56672;12155.76;1383.3299999999999;13539.09;5301.6599999999999;10791.77;700;7866.1899999999996;112460;49347.900000000001;10093.200000000001;14959.469999999999;2225.1500000000001;938.86000000000001;5723.25;83288;195748;197053;1304.8900000000001;NA;15;30;0;0;89;44;178;1;0;0;0;129;0;130;308;0;0;16;7;7;1;11;2;17;17;23;16;28;23;15;39;222;3;8;10;21;25;19;86;308;0;0;0;0;0;0;0;0;1;0;0;0;0;3;8;5;5;4;6;32;3;0;0;0;0;0;2;4;1;4;5;19
34;3;VESOUL;127;1859;15661;2895.5700000000002;12765.43;77037.5;600;9060;4102.5;2650;NA;48318;8041.5;NA;2891.7399999999998;4760.7200000000003;157461;650;400;0;600;650;700;0;80;100;120;0;0;18299.98;1355.55;19655.529999999999;44165.529999999999;3916.9499999999998;48082;15641.08;2360.5500000000002;18001.630000000001;5062.7200000000003;6073.5900000000001;950;6011.2399999999998;103837;30640.740000000002;4796.96;10334.959999999999;2062.1799999999998;1024.3;3893.6999999999998;52753;156590;157461;871.13;NA;18;12;5;0;57;25;117;0;0;0;0;116;0;116;233;0;0;5;1;4;0;10;0;10;12;16;14;13;17;16;38;156;3;4;6;13;21;30;77;233;0;0;0;0;0;0;0;1;4;3;4;10;3;4;2;2;1;3;2;38;1;1;2;2;1;0;2;0;0;1;3;13
35;0;BORDEAUX;0;NA;-0.01;-0.01;-0.01;-0.01;-0.01;-0.01;-0.01;-0.01;-0.01;NA;-0.01;-0.01;-0.01;-0.01;NA;NA;NA;NA;NA;NA;NA;NA;NA;NA;NA;NA;NA;-0.01;-0.01;-0.01;-0.01;-0.01;NA;-0.01;-0.01;-0.01;-0.01;-0.01;-0.01;-0.01;NA;-0.01;-0.01;-0.01;-0.01;-0.01;-0.01;NA;NA;NA;-0.01;-0.01;NA;NA;NA;NA;NA;NA;NA;NA;NA;NA;NA;NA;NA;NA;NA;NA;NA;NA;NA;NA;NA;NA;NA;NA;NA;NA;NA;NA;NA;NA;NA;NA;NA;NA;NA;NA;NA;NA;NA;NA;NA;NA;NA;NA;NA;NA;NA;NA;12;11;15;21;17;32;23;23;38;24;55;271;8;10;9;11;12;8;14;10;5;9;13;109
36;1;AGEN;13;1854;11133;4877;6256;51119.440000000002;NA;12034;12708.5;NA;NA;136574;15611.629999999999;NA;7228.0299999999997;19075.139999999999;254351;700;425;120;700;750;800;0;100;120;150;0;90;23250;2210;25400;63398.599999999999;7095.8100000000004;70494;12224.98;2975;15199.98;6215.5500000000002;16050.549999999999;1150;11291.209999999999;145862;64648.639999999999;9409.5599999999995;16551.400000000001;2789.21;1928.3800000000001;14734.309999999999;110062;255923;254350;NA;1572.3299999999999;22;27;0;0;170;36;255;1;0;0;25;134;0;160;415;0;0;27;13;4;9;9;17;17;35;37;29;27;35;16;32;307;4;11;13;20;29;31;108;415;0;0;0;3;0;0;0;0;0;0;0;0;0;12;3;7;11;6;7;46;0;0;0;0;0;1;2;0;0;2;1;6
37;1;BAYONNE;25;1874;23630;4000;19630;60793.330000000002;NA;8747.5;700;2975;NA;90053;11057.5;NA;4293.1999999999998;9803.7999999999993;189424;700;425;90;700;750;800;0;100;125;150;0;90;19609.43;25;19634.43;45279.68;5129.4399999999996;50409;7933.3299999999999;3087.2199999999998;11020.549999999999;3300;8419.1100000000006;1000;8287.5200000000004;102071;42767.150000000001;7325.5799999999999;27201.049999999999;1999.3499999999999;1217.3800000000001;8030.6099999999997;88541;190612;189424;NA;1188.1099999999999;13;2;6;0;96;36;153;0;0;0;33;56;0;89;242;0;0;12;6;4;0;9;2;3;8;17;13;11;14;18;21;138;0;7;8;22;38;29;104;242;0;0;0;0;0;0;0;0;0;0;0;3;2;0;0;0;1;0;2;8;0;0;1;1;0;0;0;0;0;1;0;3
38;3;BORDEAUX(G);29;1803;15369.42;7445.1499999999996;7924.2700000000004;65984.710000000006;600;38696.25;NA;25620;NA;493227;97215.399999999994;NA;20442.060000000001;19774.360000000001;761560;900;525;150;900;950;1000;1100;150;200;250;300;90;38839.989999999998;4100;42939.989999999998;199821.38;29046.98;228868;48727.669999999998;4447.2200000000003;53174.989999999998;15325;59612.080000000002;2660;28151.34;430672;173391.57999999999;43253.809999999998;72434.75;7078.75;6093.8999999999996;12006.41;314259;744931;761560;16629.27;NA;51;0;23;5;256;297;632;3;0;74;19;537;27;660;1292;33;34;134;33;47;8;61;8;78;99;117;77;65;68;54;67;983;8;29;32;77;97;66;309;1292;9;7;45;54;7;3;11;2;7;9;8;10;9;11;12;12;13;11;21;123;4;3;2;5;6;2;7;5;4;1;3;42
39;3;BORDEAUX-PL(G);30;1859;102100;2626;99474;-0.01;-0.01;-0.01;-0.01;-0.01;-0.01;NA;-0.01;-0.01;-0.01;-0.01;NA;NA;NA;NA;NA;NA;NA;NA;NA;NA;NA;NA;NA;-0.01;-0.01;-0.01;-0.01;-0.01;NA;-0.01;-0.01;-0.01;-0.01;-0.01;-0.01;-0.01;NA;-0.01;-0.01;-0.01;-0.01;-0.01;-0.01;NA;NA;NA;-0.01;-0.01;3;0;0;0;108;5;116;0;0;0;0;4;0;4;120;0;0;0;0;0;0;0;0;0;0;0;34;21;25;9;13;102;0;0;0;0;0;18;18;120;NA;NA;NA;NA;NA;NA;NA;NA;NA;NA;NA;NA;NA;NA;NA;NA;NA;NA;NA;NA;NA;NA;NA;NA;NA;NA;NA;NA;NA;NA;NA;NA
40;2;MONT-DE-MARSAN;72;1859;30000;3522;26478;103653.33;NA;12075;675;750;NA;94449;6599;NA;8409.1200000000008;7121.29;233731;600;375;90;600;650;700;0;80;100;120;0;0;22984.439999999999;1721.6600000000001;24706.099999999999;54229.690000000002;4873.4899999999998;59103;18100.09;2475;20575;5482.8900000000003;11198.459999999999;1000;9761.7299999999996;131827;60436.830000000002;9833.8500000000004;22704.200000000001;2240.7199999999998;3878.5100000000002;5572.5100000000002;104667;236494;233731;NA;2762.48;20;2;2;0;141;14;179;0;0;0;0;80;0;80;259;0;0;5;2;6;0;15;1;15;16;15;13;24;6;15;10;143;8;12;16;23;40;17;116;259;0;0;0;0;0;0;0;0;0;0;0;0;0;0;0;0;3;2;19;24;0;0;0;0;0;0;0;0;0;1;4;5
41;2;MONT-DE-MARSAN-PL;73;1803;7529;3285;4244;-0.01;-0.01;-0.01;-0.01;-0.01;-0.01;NA;-0.01;-0.01;-0.01;-0.01;NA;NA;NA;NA;NA;NA;NA;NA;NA;NA;NA;NA;NA;-0.01;-0.01;-0.01;-0.01;-0.01;NA;-0.01;-0.01;-0.01;-0.01;-0.01;-0.01;-0.01;NA;-0.01;-0.01;-0.01;-0.01;-0.01;-0.01;NA;NA;NA;-0.01;-0.01;0;0;0;0;1;0;1;0;0;0;7;16;0;23;24;0;0;0;0;0;0;0;0;0;0;2;2;1;4;3;5;17;0;0;0;0;0;7;7;24;NA;NA;NA;NA;NA;NA;NA;NA;NA;NA;NA;NA;NA;NA;NA;NA;NA;NA;NA;NA;NA;NA;NA;NA;NA;NA;NA;NA;NA;NA;NA;NA
42;5;PAU;92;1803;61468;13308;48160;56329.139999999999;NA;18327.5;700;1575;1349;100339;22903.900000000001;NA;6456.75;6064.4499999999998;214044;700;425;120;750;800;850;0;100;140;175;0;90;19977.5;1525;21502.5;64786.68;7993.2299999999996;72780;8250;3650;11900;2940;10355.82;1100;7970;128548;47922.75;6509.71;20347.169999999998;2233.6999999999998;1047.3399999999999;5102.3299999999999;83163;211711;214044;2333.21;NA;25;2;3;2;129;33;194;7;0;0;51;185;0;243;437;0;0;26;14;17;0;30;0;20;30;36;31;31;16;26;61;338;0;10;16;27;22;24;99;437;0;0;0;1;0;0;0;1;3;1;4;5;3;6;4;2;5;3;4;40;4;7;5;3;6;2;4;5;1;3;3;43
43;3;PERIGUEUX;93;1845;16700;4116;12584;34200;NA;11320;NA;8558;NA;103478;18139.799999999999;NA;4177.8999999999996;4701;184574;700;425;130;700;750;800;0;100;125;150;0;0;18775;525;19300;57842.5;8133.3500000000004;65976;5599.9499999999998;1791.7;7391.6499999999996;5535;9581.9500000000007;620;7263.0500000000002;115668;50018.279999999999;7235.6499999999996;13587.879999999999;2199.3099999999999;1078.6199999999999;3530.9499999999998;77651;193318;184574;NA;8743.7399999999998;17;0;3;1;139;29;189;0;0;35;0;202;0;237;426;0;0;14;18;15;0;24;0;16;34;33;39;34;36;28;45;336;4;7;11;19;31;18;90;426;0;0;0;0;0;0;0;0;2;1;3;3;3;3;4;2;5;2;2;30;0;0;1;2;0;3;1;0;0;1;2;10
44;0;CAEN;0;NA;-0.01;-0.01;-0.01;-0.01;-0.01;-0.01;-0.01;-0.01;-0.01;NA;-0.01;-0.01;-0.01;-0.01;NA;NA;NA;NA;NA;NA;NA;NA;NA;NA;NA;NA;NA;-0.01;-0.01;-0.01;-0.01;-0.01;NA;-0.01;-0.01;-0.01;-0.01;-0.01;-0.01;-0.01;NA;-0.01;-0.01;-0.01;-0.01;-0.01;-0.01;NA;NA;NA;-0.01;-0.01;NA;NA;NA;NA;NA;NA;NA;NA;NA;NA;NA;NA;NA;NA;NA;NA;NA;NA;NA;NA;NA;NA;NA;NA;NA;NA;NA;NA;NA;NA;NA;NA;NA;NA;NA;NA;NA;NA;NA;NA;NA;NA;NA;NA;NA;NA;NA;NA;27;20;26;29;35;34;33;31;32;73;71;411;8;8;7;9;14;15;10;7;12;12;25;127
45;1;ALENCON;16;1846;18781;5452;13329;82933.330000000002;4000;9360;2460;4680;NA;43617;8221.5;NA;3161.7800000000002;1615.25;160049;600;375;90;600;650;700;0;80;100;120;0;90;19975;1225;21200;50868.330000000002;5878.6599999999999;56747;11845;3392.5;15237.5;3350;6953.6000000000004;662.5;6721.8699999999999;110872;33007.559999999998;6211.4899999999998;11089.440000000001;1784.7;872.25999999999999;1167.8299999999999;54133;165006;160049;NA;4956.8800000000001;17;4;11;0;54;13;99;0;0;16;10;92;0;118;217;0;0;8;9;10;0;10;0;5;6;17;12;11;13;12;25;138;8;8;10;10;20;23;79;217;0;0;0;0;0;0;0;0;3;2;4;3;3;5;4;3;1;1;0;29;1;1;0;2;2;4;0;0;2;0;0;12
46;2;CAEN;35;1803;43495;8153;35342;100949.99000000001;2500;17943.75;NA;6600;NA;190150;33158.5;900;23970.610000000001;17941.75;394115;750;450;140;750;800;850;1000;100;140;175;250;90;23850;1675.8299999999999;25525.830000000002;108403.33;16716.66;125120;27720;2400;30120;8326;24501.580000000002;1300;12055.809999999999;226949;105605.48;12155.219999999999;18490.939999999999;3564.1500000000001;1747.6400000000001;39093.599999999999;180657;407606;394115;NA;13491.639999999999;28;0;13;0;224;80;345;0;0;0;37;288;21;346;691;11;8;28;9;26;0;43;3;31;44;43;46;47;48;48;120;555;0;7;14;31;43;41;136;691;0;2;7;5;0;0;0;1;1;2;3;3;2;3;3;2;2;3;4;28;2;2;1;2;3;1;2;2;3;2;3;23
47;2;CHERBOURG;44;1886;11000;5400;5600;45104.139999999999;NA;12071.25;3937.5;22968.75;765;111720;23739;NA;10636.26;14270.620000000001;245213;750;450;90;700;750;800;0;100;125;150;0;0;18583.330000000002;1246.6700000000001;19830;69269.190000000002;5158.6400000000003;74428;12816.67;2503.3299999999999;15320;4179.9899999999998;13306.200000000001;1000;9707.3299999999999;137771;56673.330000000002;7078.2799999999997;16989.43;2387.8800000000001;1898.51;15971.139999999999;100999;238770;245213;6442.6000000000004;NA;49;7;12;0;95;63;226;9;0;30;0;201;0;240;466;0;0;92;38;8;0;18;0;17;13;32;29;29;27;21;52;376;0;8;15;24;24;19;90;466;0;0;0;8;35;0;0;0;0;0;0;0;0;0;0;0;0;39;38;77;0;0;0;0;0;0;0;0;0;6;9;15
48;3;COUTANCES;46;1853;20200;3730;16470;81515.279999999999;NA;8113.75;5956.25;3347.5;300;104673;11940.5;NA;4014.5;12823.4;232690;700;425;110;650;700;750;0;90;110;130;0;90;22522.240000000002;2157.2199999999998;24679.459999999999;64032.190000000002;5486.9399999999996;69519;14450;3180;17630;6440;13534.889999999999;1100;8524.8099999999995;141428;56126.330000000002;11011.16;15245.6;2697.04;1269.8399999999999;12966.75;99317;240745;232690;NA;8055.46;17;12;9;0;158;5;201;0;0;0;28;104;0;132;333;0;0;7;6;14;0;16;3;16;21;28;28;19;22;16;31;227;14;11;10;15;32;24;106;333;0;0;0;0;0;0;0;0;6;0;1;1;1;2;2;2;6;7;6;34;0;0;1;0;0;4;1;0;0;1;2;9
49;3;EVREUX;50;1854;9565;2574;6991;105491.64999999999;2000;9575;14000;3525;750;68793;8519.5;NA;8195.3500000000004;8076.8500000000004;228927;700;425;110;650;700;750;0;90;110;130;0;0;18672.220000000001;712.49000000000001;19384.709999999999;48213.019999999997;8741.4400000000005;56954;13814.110000000001;2886.9299999999998;16701.040000000001;5697.1000000000004;10218.860000000001;1050;8223.75;118230;54895.629999999997;12861.93;17653.830000000002;2377.8800000000001;931.83000000000004;7565.46;96287;214516;228927;14410.120000000001;NA;15;22;7;1;93;9;147;0;0;0;0;127;0;127;274;0;0;5;8;2;0;11;0;10;14;14;17;19;26;18;39;183;2;7;7;19;21;35;91;274;0;0;0;0;0;0;0;0;0;0;1;4;5;2;4;2;4;6;1;29;1;2;1;1;0;2;1;1;0;0;0;9
50;2;HAVRE(LE)(G);55;1861;17328;6064.6099999999997;11263.389999999999;125265.27;NA;7320;4432.5;9885;NA;95058;49741;NA;540.33000000000004;9590.0499999999993;301832;900;525;150;850;900;950;0;140;175;225;0;90;22903.330000000002;616.25;23519.580000000002;97919.160000000003;15135.959999999999;113055;30150;2250;32400;6025;12998.799999999999;1400;10856.200000000001;200255;46475.239999999998;7331.1000000000004;13671.35;2998.0999999999999;1678.6700000000001;8647.6399999999994;80802;281057;301832;20774.849999999999;NA;8;6;16;0;42;108;180;0;0;0;41;297;0;338;518;0;0;17;7;8;1;14;2;18;33;29;39;41;44;37;101;391;5;7;17;27;34;37;127;518;0;0;3;0;0;0;2;0;0;0;0;1;0;1;3;3;4;4;6;22;1;0;0;1;0;1;4;1;2;1;6;17
51;4;MANS(LE);67;1850;22521;4569;17952;75000;NA;5079;9100;7300;NA;125833;20346.5;NA;13158.91;13422.4;269240;700;425;120;700;750;800;0;100;125;150;0;0;21594.43;3335.8299999999999;24930.259999999998;70798;7772;78570;11825;2675;14500;6417.3299999999999;13878.200000000001;1000;10497.379999999999;149793;67294.550000000003;8281.9599999999991;16108.629999999999;2599.9499999999998;1689.99;18216.75;114192;213985;269240;5255.1599999999999;NA;7;19;10;0;124;95;255;1;0;0;0;244;0;245;500;7;0;20;13;20;0;17;2;24;37;23;23;29;39;28;117;399;4;11;16;33;20;17;101;500;0;0;0;3;0;0;0;0;7;5;4;7;11;9;3;7;3;0;2;58;2;1;3;2;7;1;0;0;2;0;3;21
52;4;ROUEN(G);106;1803;18859;8921;9938;82380.550000000003;345;19406.25;7747.5;14550;2701;252294;54048.25;NA;20824.099999999999;20054.630000000001;474352;950;550;200;900;950;1000;1100;150;200;250;300;0;29200;1267.5;30467.5;144071.92999999999;14821.82;158894;25914.43;3650;29564.43;10440;27522.169999999998;1356.6600000000001;17950;276195;102449.36;29345.57;32628.060000000001;5099.3500000000004;3274.0500000000002;22307.830000000002;195104;471299;474352;3053;NA;28;12;23;3;195;177;438;0;0;0;0;183;101;284;722;9;4;39;17;25;1;41;8;43;63;82;63;53;50;25;72;595;0;5;16;27;49;30;127;722;0;1;9;9;0;0;0;1;10;11;13;10;13;12;14;12;12;13;14;134;1;2;1;1;2;2;2;3;3;2;2;21
53;0;CHAMBERY;0;NA;-0.01;-0.01;-0.01;-0.01;-0.01;-0.01;-0.01;-0.01;-0.01;NA;-0.01;-0.01;-0.01;-0.01;NA;NA;NA;NA;NA;NA;NA;NA;NA;NA;NA;NA;NA;-0.01;-0.01;-0.01;-0.01;-0.01;NA;-0.01;-0.01;-0.01;-0.01;-0.01;-0.01;-0.01;NA;-0.01;-0.01;-0.01;-0.01;-0.01;-0.01;NA;NA;NA;-0.01;-0.01;NA;NA;NA;NA;NA;NA;NA;NA;NA;NA;NA;NA;NA;NA;NA;NA;NA;NA;NA;NA;NA;NA;NA;NA;NA;NA;NA;NA;NA;NA;NA;NA;NA;NA;NA;NA;NA;NA;NA;NA;NA;NA;NA;NA;NA;NA;NA;NA;4;3;3;3;2;4;3;4;4;3;3;36;1;0;1;2;1;0;1;2;1;1;1;11
54;1;CHAMBERY;39;1860;21850;5168;16682;78781.929999999993;350;17855;4550;6638;NA;81160;17880.389999999999;539.01999999999998;6587.1999999999998;11562.879999999999;225905;760;425;0;650;700;7508;0;90;110;130;0;90;20200;510;20710;72276.080000000002;7064.9200000000001;79342;7616.6499999999996;1382.22;8998.8700000000008;7300;12043.85;800;7749.4700000000003;136943;50263.739999999998;12749.91;20547.029999999999;2499.3499999999999;789.97000000000003;9355.6299999999992;96206;233149;225905;NA;7244.0200000000004;32;9;0;0;93;11;145;0;0;39;26;225;0;290;435;0;0;25;12;5;3;13;11;12;21;27;26;24;26;30;73;308;3;7;16;25;32;44;127;435;0;0;0;6;0;0;0;2;4;3;3;3;2;4;3;4;4;3;3;36;1;0;1;2;1;0;1;2;1;1;1;11
55;0;CLERMONT;0;NA;-0.01;-0.01;-0.01;-0.01;-0.01;-0.01;-0.01;-0.01;-0.01;NA;-0.01;-0.01;-0.01;-0.01;NA;NA;NA;NA;NA;NA;NA;NA;NA;NA;NA;NA;NA;-0.01;-0.01;-0.01;-0.01;-0.01;NA;-0.01;-0.01;-0.01;-0.01;-0.01;-0.01;-0.01;NA;-0.01;-0.01;-0.01;-0.01;-0.01;-0.01;NA;NA;NA;-0.01;-0.01;NA;NA;NA;NA;NA;NA;NA;NA;NA;NA;NA;NA;NA;NA;NA;NA;NA;NA;NA;NA;NA;NA;NA;NA;NA;NA;NA;NA;NA;NA;NA;NA;NA;NA;NA;NA;NA;NA;NA;NA;NA;NA;NA;NA;NA;NA;NA;NA;6;1;4;149;12;20;144;27;21;19;143;546;3;3;2;93;9;11;136;11;6;7;46;327
56;2;CLERMONT;45;1803;7101.0200000000004;2673;4428.0200000000004;122000;NA;31502.5;NA;NA;NA;210664;35562.25;NA;10555.860000000001;29639.25;439924;800;475;150;800;850;900;1000;120;150;200;250;90;26200;2762.5;28962.5;121403.37;14083;135486;26811.099999999999;4868.3000000000002;31679.400000000001;12388.639999999999;28935.540000000001;2700;18430.009999999998;258582;99209.350000000006;13828.99;22554.5;3498.0500000000002;1499.46;38461.389999999999;179052;437634;439924;2289.9099999999999;NA;45;0;0;0;189;43;277;2;0;0;17;120;0;139;416;11;12;54;29;21;3;33;11;20;56;50;0;0;0;0;0;300;11;6;14;40;45;0;116;416;0;8;9;8;0;0;1;1;0;0;1;4;3;10;19;17;11;9;20;94;0;0;0;0;0;0;1;4;1;3;0;9
57;4;GUERET(G);53;1880;11430;4618;6812;86448.610000000001;NA;12780;1017.5;1386;NA;100543;6177.25;NA;6096.0500000000002;6609.1000000000004;221058;650;400;100;600;650;700;0;80;100;120;0;90;17800;5;17805;50265;4590.4499999999998;54855;16429.16;3718.3299999999999;20147.490000000002;5965;12955.5;1200;7897.5;120826;53103.93;12084.51;15098.01;1931.3399999999999;934.75999999999999;4709.4200000000001;87862;208688;221058;12369.6;NA;26;5;0;0;164;5;200;0;0;16;10;75;0;101;301;0;0;13;6;8;0;13;0;14;16;18;15;23;16;15;24;181;7;8;6;19;45;35;120;301;0;0;0;0;0;0;0;0;0;0;0;142;4;6;1;3;5;1;2;164;0;0;0;90;8;9;7;6;4;2;2;128
58;3;MONTLUCON;74;1880;17584.900000000001;4600;12984.9;53000;NA;5955;NA;4780;NA;83718;13768.5;NA;7240.6099999999997;8856.9599999999991;177319;600;375;90;600;650;700;0;80;100;120;0;90;17700;1163.8800000000001;18863.880000000001;48618.32;3358.0700000000002;51976;14150.530000000001;2810.79;16961.32;5385;10864.129999999999;1000;7351.3599999999997;112402;38807.75;6620.4200000000001;12492.67;1550.8499999999999;806.29999999999995;8522.2099999999991;68801;181203;177319;NA;3883.8000000000002;13;0;7;0;123;31;174;1;0;15;46;102;0;164;338;0;0;9;4;5;0;7;2;13;17;14;15;17;30;21;28;182;10;9;13;44;51;29;156;338;0;0;0;0;0;0;0;0;0;0;0;0;0;0;120;5;3;3;2;133;0;0;0;0;0;0;126;0;0;1;2;129
59;4;MOULINS(G);78;1802;29279;6789.4499999999998;22489.549999999999;84000;NA;11211.75;NA;1458.75;NA;108795;21661;NA;1069.4100000000001;5741.6899999999996;233937;750;450;120;750;800;850;1000;100;140;175;250;90;22202.220000000001;510;22712.220000000001;65793.880000000005;7275;73069;13800;1695;15495;6895;15962.73;1200;9377.0699999999997;144711;54057.809999999998;7428.6700000000001;13895.83;2473.3000000000002;1686.4100000000001;4528.3999999999996;84070;228781;233937;5155.71;NA;15;0;1;0;116;33;165;1;0;0;43;128;0;172;337;4;7;22;5;13;0;14;6;12;19;22;17;17;28;13;38;237;0;14;15;19;32;20;100;337;0;0;9;4;0;0;0;1;4;1;2;2;5;4;2;2;1;5;5;33;3;2;2;2;1;0;2;1;0;1;2;16
60;2;PUY(LE);96;1835;7747.1199999999999;3714.1199999999999;4033;65875;NA;7660.5;10949.99;7500;NA;40546;12216.5;NA;2762.52;3941.1500000000001;151452;600;375;90;600;650;700;0;80;100;120;0;90;17700;375;18075;40500;4118.5;44619;11600;2420.25;14020.25;3166.6700000000001;9125.2399999999998;700;6125.2600000000002;95831;31638.34;8373.0400000000009;9540.0900000000001;1600;650.5;2954.1100000000001;54756;150587;151452;865.11000000000001;NA;16;26;15;0;40;9;106;0;0;0;50;73;0;123;229;0;0;7;5;4;0;11;3;8;15;18;24;27;21;13;16;172;0;3;7;11;20;16;57;229;0;0;0;0;0;0;0;0;2;0;1;1;0;0;2;0;1;1;0;8;0;1;0;1;0;2;0;0;1;0;1;6
61;2;TULLE;123;1883;18500;4145;14355;16261.35;NA;4140;NA;720;NA;14589;3673.5;NA;2968.48;15266.200000000001;57619;600;375;90;550;600;650;0;70;90;110;0;60;4278.8800000000001;166.66;4445.54;11821.08;1320.0899999999999;13141;3901.6599999999999;599.37;4501.0299999999997;691.65999999999997;2075.5500000000002;290;1629.28;26774;9024.0300000000007;1001.45;13282.530000000001;NA;197.69999999999999;10801.879999999999;34308;61082;57619;NA;3463.0599999999999;27;0;0;0;76;12;115;0;0;11;19;111;0;141;256;0;0;7;6;11;0;22;0;17;16;21;19;15;22;16;21;193;0;5;7;15;18;18;63;256;0;0;0;0;0;0;0;0;0;0;0;0;0;0;0;0;0;0;114;114;0;0;0;0;0;0;0;0;0;0;39;39
62;2;CLERMONT-PL;128;NA;-0.01;-0.01;-0.01;-0.01;-0.01;-0.01;-0.01;-0.01;-0.01;NA;-0.01;-0.01;-0.01;-0.01;NA;NA;NA;NA;NA;NA;NA;NA;NA;NA;NA;NA;NA;-0.01;-0.01;-0.01;-0.01;-0.01;NA;-0.01;-0.01;-0.01;-0.01;-0.01;-0.01;-0.01;NA;-0.01;-0.01;-0.01;-0.01;-0.01;-0.01;NA;NA;NA;-0.01;-0.01;1;0;0;0;91;23;115;0;0;0;18;143;0;161;276;0;0;0;0;0;0;0;0;0;0;0;55;52;45;20;63;235;0;0;0;0;0;41;41;276;NA;NA;NA;NA;NA;NA;NA;NA;NA;NA;NA;NA;NA;NA;NA;NA;NA;NA;NA;NA;NA;NA;NA;NA;NA;NA;NA;NA;NA;NA;NA;NA
63;0;DIJON;0;NA;-0.01;-0.01;-0.01;-0.01;-0.01;-0.01;-0.01;-0.01;-0.01;NA;-0.01;-0.01;-0.01;-0.01;NA;NA;NA;NA;NA;NA;NA;NA;NA;NA;NA;NA;NA;-0.01;-0.01;-0.01;-0.01;-0.01;NA;-0.01;-0.01;-0.01;-0.01;-0.01;-0.01;-0.01;NA;-0.01;-0.01;-0.01;-0.01;-0.01;-0.01;NA;NA;NA;-0.01;-0.01;NA;NA;NA;NA;NA;NA;NA;NA;NA;NA;NA;NA;NA;NA;NA;NA;NA;NA;NA;NA;NA;NA;NA;NA;NA;NA;NA;NA;NA;NA;NA;NA;NA;NA;NA;NA;NA;NA;NA;NA;NA;NA;NA;NA;NA;NA;NA;NA;30;35;25;38;32;29;38;34;29;41;37;368;2;1;3;3;6;3;3;6;2;3;5;37
64;1;CHAUMONT;43;1843;12337;5279;7058;94920.830000000002;99.75;8631.25;1950;2600;600;64465;12125.5;289;2603.8000000000002;7169.5799999999999;195455;650;400;90;600;650;700;0;80;100;120;0;90;18744.450000000001;700;19444.450000000001;48996.660000000003;6402.4899999999998;55399;10666.67;2512.5;13179.17;5870;8427.4200000000001;800;7461.4899999999998;110582;45884.379999999997;6973.7299999999996;14756.030000000001;2086.1399999999999;854.30999999999995;5941.6999999999998;76496;187078;195455;8376.8700000000008;NA;20;4;4;1;95;12;136;1;0;0;22;106;0;129;265;0;0;11;5;4;0;12;3;6;17;17;14;18;10;11;46;174;0;6;13;22;23;27;91;265;0;0;0;0;0;0;0;2;5;2;3;6;3;5;4;6;3;3;5;45;0;1;2;0;3;1;0;3;0;0;2;12
65;3;DIJON;48;1803;11888.620000000001;3997;7891.6199999999999;47000;NA;26663.75;4722.5;4165;NA;271311;50388.879999999997;NA;20897.41;19954.650000000001;445103;850;500;150;850;900;950;1000;140;175;225;300;90;24646.650000000001;3335.54;27982.189999999999;123908.88;17271.77;141181;24722.490000000002;2302.7600000000002;27025.25;7800;26501.560000000001;1700;12401.5;244591;116477.55;21272.360000000001;29005.759999999998;3185.9000000000001;3586.6799999999998;14482.030000000001;188010;432601;445103;12502.01;NA;38;9;8;0;242;93;390;2;4;1;0;301;31;339;729;21;26;85;23;26;1;29;0;30;59;54;54;50;50;20;54;582;8;6;23;30;43;37;147;729;1;12;34;31;0;0;3;1;18;20;21;23;20;17;22;18;21;29;27;236;0;0;0;0;1;0;0;1;1;1;2;6
66;4;NEVERS;84;1860;7168.8800000000001;3040.3800000000001;4128.5;57415.25;1200;11981.25;10500;3600;NA;127246;16763.75;NA;5992.4700000000003;8974.5;243673;750;450;120;750;800;850;0;100;140;175;0;90;20236.66;1220.1600000000001;21456.82;63242.18;5535;68777;15065.52;3148.1300000000001;18213.650000000001;6440;13122.16;800;10339.719999999999;139150;62010;9761.4899999999998;22782.59;2766.5999999999999;1839.8;5822.9700000000003;104983;244133;243673;NA;459.88;19;14;8;0;154;27;222;0;0;3;14;103;32;152;374;0;0;18;8;13;1;13;7;9;21;23;30;30;29;22;28;252;3;11;15;20;40;33;122;374;0;0;0;0;2;0;0;0;3;10;0;5;8;3;5;1;2;3;1;41;0;0;0;0;1;1;0;0;1;0;0;3
67;4;SENS;112;1854;7812.8100000000004;3170.4499999999998;4642.3599999999997;46858.330000000002;1000;13668.75;3750;4050;900;92552;9842;NA;1478.8299999999999;9760.7299999999996;183861;750;450;125;700;750;800;0;100;125;150;0;90;17909.439999999999;400;18309.439999999999;49315;4807.5;54123;5543.3299999999999;575.83000000000004;6119.1599999999999;4900;9306.9200000000001;900;7875.5200000000004;101534;48320.709999999999;10561.610000000001;13752.129999999999;1799.6800000000001;918.73000000000002;6794.21;82147;183681;183861;180.03;NA;20;9;7;2;114;28;180;0;0;10;6;69;0;85;265;0;0;12;4;14;0;11;0;13;16;19;11;20;18;8;19;165;0;6;12;22;32;28;100;265;0;0;0;1;0;0;0;0;4;1;0;3;1;3;2;2;1;4;2;23;1;0;1;3;0;0;2;0;0;1;0;8
68;5;TROYES;122;1853;20940;6837;14103;41175.010000000002;3500;16177.4;4800;6559.5;NA;159559;33171.75;559;3802.2600000000002;14290.25;283594;800;475;120;750;800;850;1000;100;140;175;250;90;22475;1297.5;23772.5;67404.399999999994;9879.9599999999991;77284;19826.650000000001;1936.7;21763.349999999999;6785;15212.299999999999;1050;11408.35;157276;76024.889999999999;15460.360000000001;23597.049999999999;2479.9299999999998;1115.95;9934.1700000000001;128612;285888;283594;NA;2294.4899999999998;24;10;9;0;156;60;259;1;0;4;40;238;4;287;546;1;10;19;17;5;0;14;1;12;34;22;29;27;24;26;126;367;8;9;26;29;54;53;179;546;0;0;3;0;0;0;1;2;0;2;1;1;0;1;5;7;2;2;2;23;1;0;0;0;1;1;1;2;0;1;1;8
69;0;DOUA1;0;NA;-0.01;-0.01;-0.01;-0.01;-0.01;-0.01;-0.01;-0.01;-0.01;NA;-0.01;-0.01;-0.01;-0.01;NA;NA;NA;NA;NA;NA;NA;NA;NA;NA;NA;NA;NA;-0.01;-0.01;-0.01;-0.01;-0.01;NA;-0.01;-0.01;-0.01;-0.01;-0.01;-0.01;-0.01;NA;-0.01;-0.01;-0.01;-0.01;-0.01;-0.01;NA;NA;NA;-0.01;-0.01;NA;NA;NA;NA;NA;NA;NA;NA;NA;NA;NA;NA;NA;NA;NA;NA;NA;NA;NA;NA;NA;NA;NA;NA;NA;NA;NA;NA;NA;NA;NA;NA;NA;NA;NA;NA;NA;NA;NA;NA;NA;NA;NA;NA;NA;NA;NA;NA;67;59;68;80;70;50;64;53;78;57;69;715;13;14;13;23;16;17;23;12;18;18;18;185
70;2;AMIENS(G);17;1803;12480;4747;7733;58000;NA;21975;4050;7200;NA;158022;30619.5;NA;8728.7600000000002;18042.529999999999;306638;900;525;150;850;900;950;1000;140;175;225;300;90;23879.709999999999;530;24409.709999999999;92525;12612.5;105138;21237.5;1256.6600000000001;22494.16;7860;17182.459999999999;1362.5;9913.6900000000005;188360;67594.470000000001;11119.610000000001;23660.41;2730.4299999999998;2247.5900000000001;14276.99;121630;309990;306638;NA;3351.4000000000001;32;8;7;0;147;35;229;0;0;5;49;157;0;211;440;7;9;31;15;10;0;21;0;20;29;33;34;31;27;22;37;326;7;9;10;27;43;18;114;440;0;3;13;4;1;0;0;0;1;2;3;8;1;0;4;1;4;7;7;38;0;0;0;1;0;0;0;0;0;0;0;1
71;8;CHARLEVILLE;40;1876;25542;3878;21664;30838.330000000002;NA;17480;7275;4775;NA;109744;15137.5;NA;6220.7200000000003;19538.950000000001;211009;800;475;90;750;800;850;0;100;140;175;0;90;18794.439999999999;871.63999999999999;19666.080000000002;51353.330000000002;8917.7700000000004;60271;9100;2405;11505;5917;12000.24;750;8024.4700000000003;118134;52158.5;11848.23;20059.919999999998;2299;1199.95;14549.91;102116;220249;211009;NA;9240.3999999999996;29;15;8;0;111;26;189;0;0;0;30;106;0;136;325;0;0;15;15;5;0;9;2;12;23;30;29;24;19;13;34;230;0;7;16;20;28;24;95;325;0;0;0;2;0;0;0;0;0;0;1;3;2;5;6;2;8;5;1;33;0;0;0;2;0;0;2;1;1;0;2;8
72;3;DOUAI;49;1803;25042;6911;18131;63104.199999999997;NA;18791.25;NA;5550;NA;194278;28958.25;NA;9666.1800000000003;22666.490000000002;343014;900;525;150;850;900;950;1000;140;175;225;300;90;24958.900000000001;537.5;25496.400000000001;100137.2;15296.450000000001;115434;12850;1070;13920;9062.5;22470.900000000001;900;11721;199004;77317.729999999996;12370.35;30369.299999999999;2248.96;2529.8800000000001;15684.450000000001;140521;339525;343014;3488.75;NA;20;0;9;0;208;36;273;1;0;0;32;172;0;205;478;10;21;26;11;13;3;32;7;16;34;37;35;36;31;28;48;388;0;7;12;19;31;21;90;478;1;5;26;10;0;1;1;0;29;23;20;21;17;20;15;16;14;16;15;206;4;2;3;5;4;5;3;1;3;3;4;40
73;2;LAON;57;1887;18646.130000000001;6036.0500000000002;12610.08;11062.5;NA;3262.5;2250;2250;NA;15421;3981;NA;1702.6800000000001;12981.200000000001;52911;750;450;90;700;750;800;0;80;100;120;0;90;4472.2200000000003;139.99000000000001;4612.21;10813.33;1121;11934;2610;265.5;5875.5;855;2056.1199999999999;180;1853.74;24367;10898.360000000001;1546.02;9903.0400000000009;NA;39.850000000000001;9605.1499999999996;31992;56359;52911;NA;3448.6900000000001;17;13;9;0;57;15;111;0;0;5;0;113;0;118;229;0;0;16;8;6;0;9;0;7;7;11;9;22;21;14;27;157;0;6;13;10;14;29;72;229;0;0;0;0;0;0;0;0;NA;NA;NA;NA;NA;NA;NA;NA;NA;NA;NA;NA;NA;NA;NA;NA;NA;NA;NA;NA;NA;NA;NA;NA
74;6;LILLE;59;1845;14744;6220;8524;86119.440000000002;NA;21250.5;NA;NA;NA;221690;61292.650000000001;1500;10925.049999999999;15477.049999999999;418254;900;525;150;850;900;950;1000;140;175;225;300;90;24905;1249.1700000000001;26154.169999999998;137925;23932.77;161858;19804.439999999999;4605;24409.439999999999;7056.3299999999999;33033.089999999997;1100;13103.780000000001;266715;84597.119999999995;11051.219999999999;29926.75;3903.0300000000002;3284.9000000000001;9599.5499999999993;142363;409077;418254;9177.1200000000008;NA;36;0;0;0;177;137;350;4;0;0;67;323;0;394;744;13;16;72;43;16;0;50;1;24;41;65;51;52;53;37;91;625;0;16;18;24;37;24;119;744;0;6;21;24;6;0;1;0;30;29;29;37;34;15;31;21;35;24;30;315;7;11;5;7;5;5;6;2;5;2;6;61
75;5;SAINT-OMER;110;1845;10509.290000000001;6581.0699999999997;3928.2199999999998;73029.149999999994;NA;12270;6000;8850;400;49462;12853;NA;1687.4100000000001;11539.219999999999;176091;800;475;0;750;800;850;0;100;140;175;0;90;16950;1450;18400;54016.080000000002;5203.1499999999996;59219;13279.99;2201.8200000000002;15481.809999999999;4708.3299999999999;8567.7399999999998;800;6245;113422;31940.220000000001;8130.0299999999997;11356.65;1995.2;499.60000000000002;10536.43;64458;177880;176091;NA;1789.21;16;10;3;1;57;12;99;0;0;20;12;118;0;150;249;0;0;7;6;4;0;5;0;6;12;15;24;11;19;21;38;168;6;6;9;21;24;15;81;249;0;0;0;1;0;0;0;0;5;4;4;5;5;4;4;7;5;1;8;52;1;1;2;0;2;1;4;2;1;1;1;16
76;3;SAINT-QUENTIN;111;1853;17616;4961;12655;60216.379999999997;300;9480;12006.25;2890;2880;97306;29303.5;NA;3156.75;9987.8400000000001;227526;850;500;170;800;850;900;0;120;150;200;0;90;21561.110000000001;931.94000000000005;22493.049999999999;64946.660000000003;7401.9399999999996;72347;13210;4415;17625;5027.0299999999997;13278.889999999999;900;8790;140463;53293.779999999999;11618.75;16437.48;2490.3699999999999;1455.3;7806.0200000000004;93102;233564;227527;NA;6037.5500000000002;17;21;0;4;101;21;164;0;0;17;30;172;0;219;383;0;0;22;8;5;1;10;3;15;19;25;18;20;19;25;60;250;10;6;13;24;39;41;133;383;0;0;0;5;0;0;0;2;2;1;2;3;4;1;2;0;3;1;2;21;1;0;2;2;1;3;1;0;1;0;0;11
77;10;TOURCOING;117;1882;25000;8650;16350;46383.330000000002;NA;7759;NA;6455;NA;54383;9499.3500000000004;NA;5523.9099999999999;13601.799999999999;143605;700;425;90;600;650;700;0;80;100;120;0;90;14700;500;15200;NA;NA;0;28765.82;5195.4300000000003;33961.25;3588.98;11228.280000000001;800;6222.0500000000002;71001;34213.830000000002;4769.8999999999996;10065.57;1699.02;517.42999999999995;10584.25;61845;132846;143605;10579.530000000001;NA;16;0;5;0;70;59;150;2;0;4;49;41;0;96;246;0;0;0;0;0;0;0;0;0;0;0;0;0;0;26;57;83;12;8;24;37;51;31;163;246;0;0;0;0;0;0;0;0;0;0;0;0;0;0;0;0;1;1;1;3;0;0;0;0;0;0;0;0;3;7;3;13
78;7;VALENCIENNES;124;1875;9011.7000000000007;4266.5200000000004;4745.1800000000003;51213.889999999999;10000;10932.5;NA;560;NA;108380;22564;NA;4005.46;9371.3299999999999;217027;800;475;120;800;850;900;0;120;150;200;0;90;19650;5;19655;68671.119999999995;5373.8900000000003;74045;15175;2433.3299999999999;17608.330000000002;4025;12812.99;800;7940;136886;43907.709999999999;8367.3700000000008;19565.799999999999;2197.2600000000002;1608.6500000000001;6655.21;84302;221188;217027;NA;4161.5299999999997;8;0;0;0;99;67;174;2;0;0;41;151;1;195;369;0;0;7;12;2;1;15;6;10;24;23;23;30;22;18;64;257;0;10;12;21;24;45;112;369;0;0;0;0;0;0;0;0;0;0;9;3;7;5;2;6;8;2;5;47;0;0;1;6;4;3;7;3;4;5;2;35
79;0;GRENOBLE;0;NA;-0.01;-0.01;-0.01;-0.01;-0.01;-0.01;-0.01;-0.01;-0.01;NA;-0.01;-0.01;-0.01;-0.01;NA;NA;NA;NA;NA;NA;NA;NA;NA;NA;NA;NA;NA;-0.01;-0.01;-0.01;-0.01;-0.01;NA;-0.01;-0.01;-0.01;-0.01;-0.01;-0.01;-0.01;NA;-0.01;-0.01;-0.01;-0.01;-0.01;-0.01;NA;NA;NA;-0.01;-0.01;NA;NA;NA;NA;NA;NA;NA;NA;NA;NA;NA;NA;NA;NA;NA;NA;NA;NA;NA;NA;NA;NA;NA;NA;NA;NA;NA;NA;NA;NA;NA;NA;NA;NA;NA;NA;NA;NA;NA;NA;NA;NA;NA;NA;NA;NA;NA;NA;19;20;18;22;22;33;43;41;39;41;42;340;1;3;5;3;1;6;9;5;1;8;1;43
80;1;GRENOBLE;52;1803;28992;11606;17386;101100;NA;38219.5;5600;5425;1110;210171;38617.5;270;22101.549999999999;25371.77;447986;800;475;150;800;850;900;1000;120;150;200;250;90;24375;1525;25900;129807.78;21575.389999999999;151383;13700;2755;16455;10550;26830.529999999999;1150;11859.23;244128;112387.47;19790.099999999999;27855.299999999999;4075.5999999999999;1720.6199999999999;23327.060000000001;189156;433284;447986;14701.99;NA;58;7;8;2;253;46;374;4;0;0;27;308;0;339;713;10;18;108;13;24;0;49;0;33;47;58;59;51;38;39;67;614;6;9;13;24;26;21;99;713;0;12;38;38;1;3;2;3;10;9;13;18;22;30;39;31;34;36;34;276;0;2;5;3;0;4;8;3;1;7;1;34
81;3;TOURNON(G);118;1820;38509.849999999999;5949.6999999999998;32560.150000000001;75000;NA;11171.25;NA;NA;NA;48991;11451.5;NA;7231.6199999999999;7080.75;160926;700;425;90;650;700;750;0;90;110;130;0;90;20580.549999999999;1455.55;22036.099999999999;45437.199999999997;4631.6700000000001;50069;12350;2361.1100000000001;14711.110000000001;6080;6669.6999999999998;900;7021.6700000000001;107487;27815.200000000001;7040.4399999999996;7254.3999999999996;1296.95;471.35000000000002;11340.200000000001;55219;162706;160926;NA;1779.99;20;0;0;0;69;2;91;0;0;0;11;92;33;136;227;0;0;9;10;9;0;19;0;20;25;26;15;16;10;9;13;181;0;1;6;4;17;18;46;227;0;0;0;0;0;0;0;0;9;11;5;4;0;3;4;10;5;5;8;64;1;1;0;0;1;2;1;2;0;1;0;9
82;0;LYON;0;NA;-0.01;-0.01;-0.01;-0.01;-0.01;-0.01;-0.01;-0.01;-0.01;NA;-0.01;-0.01;-0.01;-0.01;NA;NA;NA;NA;NA;NA;NA;NA;NA;NA;NA;NA;NA;-0.01;-0.01;-0.01;-0.01;-0.01;NA;-0.01;-0.01;-0.01;-0.01;-0.01;-0.01;-0.01;NA;-0.01;-0.01;-0.01;-0.01;-0.01;-0.01;NA;NA;NA;-0.01;-0.01;NA;NA;NA;NA;NA;NA;NA;NA;NA;NA;NA;NA;NA;NA;NA;NA;NA;NA;NA;NA;NA;NA;NA;NA;NA;NA;NA;NA;NA;NA;NA;NA;NA;NA;NA;NA;NA;NA;NA;NA;NA;NA;NA;NA;NA;NA;NA;NA;26;32;27;39;32;26;23;26;33;53;57;374;7;8;2;13;4;10;8;1;8;10;12;83
83;2;BOURG;32;1854;16528.23;3625.5799999999999;12902.65;79680;1000;21255;5200;5200;NA;148253;11248;NA;6417.9899999999998;25990.400000000001;304245;650;400;120;650;700;750;0;90;110;130;0;90;21550;1550;23100;51547.75;9143.75;60691;17183.349999999999;3850;21033.349999999999;6650;15002.700000000001;800;9951.75;137229;85913.449999999997;28930.84;19628.759999999998;2499.9899999999998;1730.3099999999999;19001.169999999998;157705;294934;304245;9310.8700000000008;NA;37;14;10;0;211;16;288;1;0;10;12;109;0;132;420;0;0;19;13;13;0;18;0;19;27;28;27;26;32;25;47;294;4;8;16;30;36;32;126;420;0;0;0;0;0;0;0;0;3;11;9;9;12;8;5;12;16;17;27;129;1;4;0;4;2;5;5;0;2;2;7;33
84;1;LYON(G);63;1803;9000;6000;3000;136356.95000000001;14500;34225.25;24435;10820;3550;428690;147106.5;NA;25900.5;42638.919999999998;868223;950;550;200;900;950;1000;1100;150;200;250;300;0;43569.18;7084.4300000000003;50653.610000000001;241131.95000000001;36798.050000000003;277930;52313.32;5093.8999999999996;57407.220000000001;19350;55112.239999999998;2800;29540.25;492793;196334.76000000001;47019.389999999999;92510.110000000001;9472.7000000000007;6547.1199999999999;32274.84;384159;876952;868223;NA;8729.1200000000008;26;14;0;3;140;228;411;3;3;1;0;693;91;791;1202;22;11;102;31;44;2;65;8;73;106;111;90;69;68;49;101;952;10;13;20;48;100;59;250;1202;6;10;25;38;2;0;1;0;19;16;18;26;17;18;18;14;17;30;24;217;6;3;2;7;2;5;3;1;5;4;3;41
85;1;LYON-PL(G);64;1864;64600;4200;60400;-0.01;-0.01;-0.01;-0.01;-0.01;-0.01;NA;-0.01;-0.01;-0.01;-0.01;NA;NA;NA;NA;NA;NA;NA;NA;NA;NA;NA;NA;NA;-0.01;-0.01;-0.01;-0.01;-0.01;NA;-0.01;-0.01;-0.01;-0.01;-0.01;-0.01;-0.01;NA;-0.01;-0.01;-0.01;-0.01;-0.01;-0.01;NA;NA;NA;-0.01;-0.01;2;7;0;0;161;5;175;0;0;0;0;18;0;18;193;0;0;0;0;0;0;0;0;0;0;37;29;30;36;22;22;176;0;0;0;0;0;17;17;193;NA;NA;NA;NA;NA;NA;NA;NA;NA;NA;NA;NA;NA;NA;NA;NA;NA;NA;NA;NA;NA;NA;NA;NA;NA;NA;NA;NA;NA;NA;NA;NA
86;5;MACON;66;1841;8022.7299999999996;3310.0900000000001;4712.6400000000003;55300;NA;14726;NA;NA;NA;87271;15174;NA;3917.1500000000001;7541.3500000000004;183929;700;425;90;650;700;750;0;90;110;130;0;0;17130.560000000001;225;17355.560000000001;52350.860000000001;8216.3799999999992;60567;11226.65;2644.4400000000001;13871.09;4690;8159.96;750;7191.8699999999999;112586;42751.790000000001;7762.4799999999996;13060.280000000001;2092.6199999999999;1347.1500000000001;5384.96;72399;184985;183929;NA;1055.7;24;0;0;0;94;59;177;4;0;0;0;167;0;171;348;0;0;17;9;10;0;9;5;13;21;26;18;26;25;30;37;246;0;6;9;22;40;25;102;348;0;0;0;0;2;0;0;0;4;5;0;4;2;0;0;0;0;6;6;27;0;1;0;2;0;0;0;0;1;3;2;9
87;1;SAINT-ETIENNE;109;1840;7410.7399999999998;3000.9000000000001;4409.8400000000001;75641.660000000003;NA;8579;NA;28645;1000;68139;29639.900000000001;NA;4930.1199999999999;9383.8799999999992;225959;800;475;120;750;800;850;1000;100;140;175;250;90;21519.439999999999;1424.72;22944.16;62779.400000000001;9474.3299999999999;72254;19542.77;3328.6100000000001;22871.380000000001;6350;12561.639999999999;970.82000000000005;6931.96;144884;41301.660000000003;7638.29;14411.99;2232.5599999999999;800;11574.49;77959;222842;225958;3115.8800000000001;NA;18;0;47;1;67;25;158;1;0;14;58;199;0;272;430;30;0;19;10;15;0;12;0;12;24;23;22;29;31;34;51;312;14;14;16;20;27;27;118;430;0;0;0;0;0;28;6;2;0;0;0;0;1;0;0;0;0;0;0;1;0;0;0;0;0;0;0;0;0;0;0;0
88;0;MONTPELLIER;0;NA;-0.01;-0.01;-0.01;-0.01;-0.01;-0.01;-0.01;-0.01;-0.01;NA;-0.01;-0.01;-0.01;-0.01;NA;NA;NA;NA;NA;NA;NA;NA;NA;NA;NA;NA;NA;-0.01;-0.01;-0.01;-0.01;-0.01;NA;-0.01;-0.01;-0.01;-0.01;-0.01;-0.01;-0.01;NA;-0.01;-0.01;-0.01;-0.01;-0.01;-0.01;NA;NA;NA;-0.01;-0.01;NA;NA;NA;NA;NA;NA;NA;NA;NA;NA;NA;NA;NA;NA;NA;NA;NA;NA;NA;NA;NA;NA;NA;NA;NA;NA;NA;NA;NA;NA;NA;NA;NA;NA;NA;NA;NA;NA;NA;NA;NA;NA;NA;NA;NA;NA;NA;NA;30;35;47;62;63;48;52;61;54;60;54;566;6;7;8;13;13;7;7;17;9;8;9;104
89;1;CARCASSONNE;37;1853;4888;3178;1710;108784.69;800;11645;11490;NA;590.10000000000002;325526;18929.75;NA;15391.07;31588;524744;700;425;150;750;800;850;900;100;140;175;225;90;28391.66;3140;31531.66;125032.03999999999;13680.209999999999;138712;30936.66;3029.1599999999999;33965.82;8266;36465.730000000003;1400;19458.299999999999;269800;136474.38;47114.660000000003;35129.519999999997;3898.1199999999999;3844.8800000000001;23340.799999999999;249802;519602;524744;5142.0799999999999;NA;13;17;1;1;220;8;260;1;0;0;0;63;1;65;325;0;0;33;25;21;0;32;2;20;50;61;0;0;0;0;0;244;6;6;9;18;42;0;81;325;0;0;4;3;0;0;0;0;9;10;10;11;10;9;10;9;5;5;6;94;2;4;3;4;3;0;1;6;0;0;1;24
90;1;CARCASSONNE-PL;38;1879;2271.3499999999999;810.92999999999995;1460.4200000000001;-0.01;-0.01;-0.01;-0.01;-0.01;-0.01;NA;-0.01;-0.01;-0.01;-0.01;NA;NA;NA;NA;NA;NA;NA;NA;NA;NA;NA;NA;NA;-0.01;-0.01;-0.01;-0.01;-0.01;NA;-0.01;-0.01;-0.01;-0.01;-0.01;-0.01;-0.01;NA;-0.01;-0.01;-0.01;-0.01;-0.01;-0.01;NA;NA;NA;-0.01;-0.01;0;3;1;0;159;19;182;0;0;0;0;113;0;113;295;0;0;0;0;0;0;0;0;0;0;0;68;52;42;30;39;231;0;0;0;0;0;64;64;295;NA;NA;NA;NA;NA;NA;NA;NA;NA;NA;NA;NA;NA;NA;NA;NA;NA;NA;NA;NA;NA;NA;NA;NA;NA;NA;NA;NA;NA;NA;NA;NA
91;3;MONTPELLIER(G);75;1803;4962.9499999999998;2851.25;2111.6999999999998;103799.97;NA;29350;800;2550;724;318026;71585.229999999996;NA;3276.0799999999999;44590.739999999998;574702;850;500;150;850;900;950;1000;140;175;225;300;90;35500;3159.1599999999999;38659.160000000003;178931.89000000001;19229.919999999998;198162;24177.759999999998;2550;27727.759999999998;10000;35376.809999999998;1300;18481.169999999998;329707;141416.41;27603.16;27236.939999999999;4802.8599999999997;5057.4899999999998;35230.739999999998;241348;571054;574702;3647.96;NA;37;0;2;2;188;19;248;4;0;0;0;453;0;457;705;14;15;57;22;37;3;44;17;54;77;48;45;50;40;34;31;588;0;4;11;31;42;29;117;705;0;8;17;11;0;0;0;1;11;14;26;39;42;28;29;39;36;39;32;335;1;2;3;5;7;4;4;7;6;6;5;50
92;3;MONTPELLIER-PL(G);76;1860;20664;5611;15053;-0.01;-0.01;-0.01;-0.01;-0.01;-0.01;NA;-0.01;-0.01;-0.01;-0.01;NA;NA;NA;NA;NA;NA;NA;NA;NA;NA;NA;NA;NA;-0.01;-0.01;-0.01;-0.01;-0.01;NA;-0.01;-0.01;-0.01;-0.01;-0.01;-0.01;-0.01;NA;-0.01;-0.01;-0.01;-0.01;-0.01;-0.01;NA;NA;NA;-0.01;-0.01;3;0;1;0;173;22;199;1;0;0;66;0;0;67;266;0;0;0;0;0;0;0;0;0;0;55;28;45;38;38;35;239;0;0;0;0;0;27;27;266;NA;NA;NA;NA;NA;NA;NA;NA;NA;NA;NA;NA;NA;NA;NA;NA;NA;NA;NA;NA;NA;NA;NA;NA;NA;NA;NA;NA;NA;NA;NA;NA
93;2;NIMES;88;1803;18485;7878.5600000000004;10606.440000000001;35138.889999999999;800;20602.5;2850;14500;1665;197311;63729;NA;8941.6000000000004;18182.950000000001;363721;800;475;150;800;850;900;1000;120;150;200;250;90;26971.110000000001;1628.8900000000001;28600;127107.96000000001;19986.619999999999;147095;21606.66;2555.25;24161.91;5200;16984.150000000001;1000;9020;232061;77451.75;16931.669999999998;19610.639999999999;2758.4400000000001;1803.6800000000001;13309.690000000001;131866;363927;363721;NA;205.87;33;3;21;2;199;70;328;2;3;28;4;371;37;445;773;4;10;81;24;28;3;56;5;58;68;72;69;55;45;33;20;631;4;7;13;34;50;34;142;773;0;5;14;14;3;2;2;1;10;11;11;12;11;11;13;13;13;16;16;137;3;1;2;4;3;3;2;4;3;2;3;30
94;0;NANCY;0;NA;-0.01;-0.01;-0.01;-0.01;-0.01;-0.01;-0.01;-0.01;-0.01;NA;-0.01;-0.01;-0.01;-0.01;NA;NA;NA;NA;NA;NA;NA;NA;NA;NA;NA;NA;NA;-0.01;-0.01;-0.01;-0.01;-0.01;NA;-0.01;-0.01;-0.01;-0.01;-0.01;-0.01;-0.01;NA;-0.01;-0.01;-0.01;-0.01;-0.01;-0.01;NA;NA;NA;-0.01;-0.01;NA;NA;NA;NA;NA;NA;NA;NA;NA;NA;NA;NA;NA;NA;NA;NA;NA;NA;NA;NA;NA;NA;NA;NA;NA;NA;NA;NA;NA;NA;NA;NA;NA;NA;NA;NA;NA;NA;NA;NA;NA;NA;NA;NA;NA;NA;NA;NA;58;60;59;56;1;3;46;48;45;56;64;496;5;5;9;7;0;0;7;3;3;6;5;50
95;1;BAR-LE-DUC;23;1854;13440;4488;8952;83695.830000000002;3500;19608.5;1400;2800;NA;131049;15979.120000000001;257;5151.6999999999998;5061.1999999999998;268502;700;425;120;700;750;800;1000;100;125;150;250;90;22275;1190;23465;71750.550000000003;9701.6599999999999;81452;8494.5900000000001;1144.1600000000001;9639.1499999999996;6656;14412.450000000001;868.75;8362.8299999999999;144856;68079.419999999998;13884.559999999999;26715.57;2003.0999999999999;2230.1100000000001;3516.98;116430;261286;268502;7216.2200000000003;NA;25;4;4;0;164;18;215;6;0;0;33;109;0;148;363;5;10;28;7;10;0;16;7;19;47;29;29;21;22;7;15;272;0;7;13;22;30;19;91;363;0;10;18;5;0;0;0;2;2;2;4;1;1;3;2;5;4;6;2;32;1;0;3;2;0;0;4;0;2;2;2;16
96;3;NANCY;80;1803;17574.75;6824.3999999999996;10750.35;70854.149999999994;200;58661.370000000003;1700;3950;560;298693;80344.880000000005;NA;19920.610000000001;24990.619999999999;559875;850;500;150;850;900;950;1000;140;175;225;300;90;27045.549999999999;1634.1700000000001;28679.720000000001;166184.70999999999;28921.98;195107;21099.18;2590;23689.18;11650;37129.660000000003;1690;18829.5;316775;142822.69;25290;58861.470000000001;3297.6999999999998;1996.1800000000001;20445.259999999998;252713;569488;559875;NA;9613.2999999999993;88;3;7;0;305;54;457;14;0;0;39;450;0;503;960;38;47;161;35;22;2;40;11;52;68;81;66;64;53;45;55;840;10;12;18;27;34;19;120;960;5;26;60;59;0;10;0;0;56;58;55;55;0;0;44;43;41;50;62;464;4;5;6;5;0;0;3;3;1;4;3;34
97;0;POITIERS;0;NA;-0.01;-0.01;-0.01;-0.01;-0.01;-0.01;-0.01;-0.01;-0.01;NA;-0.01;-0.01;-0.01;-0.01;NA;NA;NA;NA;NA;NA;NA;NA;NA;NA;NA;NA;NA;-0.01;-0.01;-0.01;-0.01;-0.01;NA;-0.01;-0.01;-0.01;-0.01;-0.01;-0.01;-0.01;NA;-0.01;-0.01;-0.01;-0.01;-0.01;-0.01;NA;NA;NA;-0.01;-0.01;NA;NA;NA;NA;NA;NA;NA;NA;NA;NA;NA;NA;NA;NA;NA;NA;NA;NA;NA;NA;NA;NA;NA;NA;NA;NA;NA;NA;NA;NA;NA;NA;NA;NA;NA;NA;NA;NA;NA;NA;NA;NA;NA;NA;NA;NA;NA;NA;13;14;23;37;37;61;68;63;66;64;66;512;6;3;6;5;7;6;6;2;7;14;5;67
98;1;ANGOULEME;20;1840;16703;7390;9313;89334.710000000006;400;13001.25;6562.5;NA;NA;176705;33005.150000000001;NA;4279.9899999999998;17341;342629;750;450;150;750;800;850;1000;100;140;175;250;90;26556.939999999999;1540;28096.939999999999;111945.83;13244.709999999999;125191;18688.889999999999;1934.4400000000001;20623.330000000002;5148.3400000000001;21421.029999999999;1600;10940.24;213020;74731.880000000005;8284.0499999999993;17651.470000000001;3999.6799999999998;1403.55;16601.959999999999;122673;335693;342629;6936.2200000000003;NA;17;13;2;0;229;31;292;0;0;0;34;202;32;268;560;6;2;36;27;19;0;30;7;29;37;52;57;40;38;23;39;442;0;4;13;37;43;21;118;560;0;1;1;4;0;0;0;0;0;0;0;8;7;15;16;16;20;14;20;116;0;0;0;0;2;0;1;0;1;0;1;5
99;2;CHATEAUROUX;42;1853;18230;3360;14870;56045.860000000001;300;10730;1775;4283;NA;116586;17891.75;NA;6598.6300000000001;8152.6999999999998;222363;650;400;90;650;700;750;0;90;110;130;0;90;19775;30;19805;57501;9223;66725;7150;825;7975;5972;12833.85;1000;8562.3999999999996;122873;56876.980000000003;9432.2299999999996;12931.34;2100.02;2366.6100000000001;6953.6000000000004;90661;213534;222363;8829.0799999999999;NA;20;5;9;0;168;18;220;0;0;11;32;167;0;210;430;0;0;19;8;22;0;23;0;19;29;45;34;29;33;24;50;335;2;5;9;28;33;18;95;430;0;0;0;0;0;0;0;0;2;1;3;10;1;8;6;8;7;2;5;53;1;2;2;2;3;2;2;1;1;2;1;19
100;2;LIMOGES;60;1803;10250;3785;6465;34862.440000000002;NA;13291.5;NA;5382;NA;137099;34866.25;NA;4931.8999999999996;11616.700000000001;242049;750;450;120;750;800;850;0;100;140;175;0;90;23925;1337.5;25262.5;79893.839999999997;9134.4200000000001;89028;11673.879999999999;1373.02;13046.9;4229.5299999999997;13094.68;1100;9866.3899999999994;155628;51847.370000000003;10289.120000000001;16314.43;2877.1999999999998;1585.97;9909.3899999999994;92823;248452;242049;NA;6402.4499999999998;23;0;7;0;147;53;230;1;0;17;4;312;17;351;581;0;0;29;15;13;0;40;0;25;38;64;53;44;40;23;91;475;0;7;12;32;29;26;106;581;0;0;0;0;0;0;0;0;1;0;4;2;2;3;2;1;7;2;4;28;0;0;0;0;0;0;1;0;2;0;0;3
101;3;NIORT(G);89;1858;21000;6070;14930;41000;800;10861.25;11855;7727;NA;87405;9242;NA;1443.9100000000001;11495.59;181830;700;425;90;650;700;750;0;90;110;130;0;90;17999.990000000002;525;18524.990000000002;49671.660000000003;5130;54801;12700;1500;14200;4950;9669.9300000000003;950;8038.7600000000002;111135;45845.790000000001;8201.8999999999996;11486.139999999999;1999;1235.72;8003.4899999999998;76772;187907;181830;NA;6077.3500000000004;16;28;13;0;121;32;210;0;2;11;0;129;0;142;352;0;0;17;12;16;0;17;3;12;30;26;29;25;25;14;41;267;0;0;0;22;35;28;85;352;0;0;0;0;0;0;0;0;0;0;0;0;0;0;0;0;0;9;3;12;0;0;0;0;0;0;0;0;0;4;1;5
102;5;POITIERS;94;1803;17743;4940;12803;76580.509999999995;NA;16321.25;NA;3925;NA;130258;22833.5;NA;15429.35;16339.85;281687;700;425;120;700;750;800;1000;100;125;150;250;90;21700;2022.5;23722.5;79658.869999999995;8462.7399999999998;88122;13324.43;1545;14869.43;6225;18671.279999999999;900;8952.1299999999992;161462;68838.350000000006;9645.7600000000002;27939.709999999999;2374.75;1630.9400000000001;14535.540000000001;124965;286427;281687;NA;4739.9099999999999;29;0;7;0;193;14;243;1;0;12;15;189;11;228;471;11;3;39;8;28;3;20;12;18;39;49;22;38;28;25;52;395;2;4;4;14;27;25;76;471;0;3;10;10;0;0;0;0;0;0;0;0;13;19;24;18;20;11;17;122;0;0;0;0;0;3;1;0;1;2;0;7
103;4;ROCHEFORT;102;1886;8519.7299999999996;4283.5900000000001;4236.1400000000003;58681.940000000002;NA;11560.5;NA;12980;11789;73938;19267;NA;3735.5;23510.93;215463;700;425;90;650;700;750;0;90;110;130;0;90;18475;1061.3900000000001;19536.389999999999;57809.980000000003;6110.8299999999999;63921;8722.7600000000002;1741.1099999999999;10463.870000000001;3000;10046.860000000001;750;6588.1800000000003;114306;43610.470000000001;7512.6199999999999;18520.169999999998;1794.6199999999999;1857.6099999999999;17368;90663;204970;215463;10493.32;NA;23;27;17;0;107;9;183;0;15;20;47;141;0;223;406;56;0;26;9;14;0;12;0;13;22;30;41;26;23;17;27;316;0;4;7;21;31;27;90;406;0;0;0;0;56;0;0;0;0;0;0;0;0;0;0;0;0;12;5;17;0;0;0;0;0;0;0;0;0;2;0;2
104;5;ROCHELLE(LA);103;1843;11021.700000000001;5008.8999999999996;6012.8000000000002;47500;4980;13425;700;13620;2916;68522;14402;NA;5162.7299999999996;5602.7700000000004;176830;700;425;100;650;700;750;0;90;110;130;0;90;19675;1925;21600;52021.959999999999;3855;55877;11200;1300;12500;5340;8207.4099999999999;950;7399.1499999999996;111874;39091.110000000001;7102.5500000000002;9480.8899999999994;1770.3599999999999;1457.8900000000001;4724.2200000000003;63627;175501;176830;1329.71;NA;22;2;22;5;91;17;159;2;0;30;7;159;0;198;357;0;0;15;8;14;0;11;0;20;27;26;27;14;23;25;43;253;0;6;10;29;30;29;104;357;0;0;0;2;0;0;0;0;5;5;6;3;4;3;12;7;5;6;9;65;2;0;2;2;1;0;0;0;1;3;0;11
105;1;ROCHE-SUR-YON(LA);104;1838;10400;3099.4499999999998;7300.5500000000002;68150;NA;6580;1950;3775;NA;59335;9046.75;NA;2802.0500000000002;3220.5;154859;650;400;0;600;650;700;0;80;100;120;0;90;18275;1975;20250;51411.120000000003;3541.6700000000001;54953;8700;500;9200;5517.5;5800;750;6448.5;102918;31987.59;6295.1899999999996;12567.08;1699.52;930;2911.1999999999998;56390;159309;154859;NA;4450.3199999999997;11;6;3;0;99;8;127;0;0;18;5;135;0;158;285;0;0;5;8;8;0;11;4;8;18;21;24;22;24;7;71;231;0;0;5;6;25;18;54;285;0;0;0;0;0;0;0;0;4;5;5;9;2;7;2;6;1;0;0;41;3;1;2;1;1;0;1;0;0;0;0;9
106;3;TOURS(G);120;1830;10270;4316;5954;51645.830000000002;15000;18393;NA;8132.25;800;165456;35099.75;NA;6870.8299999999999;9628.5900000000001;311027;800;475;150;800;850;900;1000;120;150;200;250;90;24259.439999999999;35;24294.439999999999;103516.12;10612.459999999999;114129;21783.34;3338.3000000000002;25121.639999999999;7155.3299999999999;18311.540000000001;1100;11891.17;202002;71803.029999999999;15349.440000000001;24226.689999999999;3073.6100000000001;1532.5599999999999;7100.9200000000001;123086;325089;311026;NA;14062.450000000001;29;0;13;1;172;36;251;2;0;6;16;269;0;293;544;6;13;33;19;3;12;5;13;27;34;50;40;35;39;24;79;432;0;8;13;13;29;49;112;544;0;7;18;7;1;0;2;0;1;3;5;5;8;6;6;7;6;8;3;58;0;0;0;0;0;1;0;1;1;1;2;6
107;0;RENNES;0;NA;-0.01;-0.01;-0.01;-0.01;-0.01;-0.01;-0.01;-0.01;-0.01;NA;-0.01;-0.01;-0.01;-0.01;NA;NA;NA;NA;NA;NA;NA;NA;NA;NA;NA;NA;NA;-0.01;-0.01;-0.01;-0.01;-0.01;NA;-0.01;-0.01;-0.01;-0.01;-0.01;-0.01;-0.01;NA;-0.01;-0.01;-0.01;-0.01;-0.01;-0.01;NA;NA;NA;-0.01;-0.01;NA;NA;NA;NA;NA;NA;NA;NA;NA;NA;NA;NA;NA;NA;NA;NA;NA;NA;NA;NA;NA;NA;NA;NA;NA;NA;NA;NA;NA;NA;NA;NA;NA;NA;NA;NA;NA;NA;NA;NA;NA;NA;NA;NA;NA;NA;NA;NA;39;35;54;55;55;45;70;51;87;225;60;776;11;12;16;16;27;20;19;14;18;100;14;267
108;1;ANGERS;19;1803;18210;5760;12450;72418.029999999999;1200;13788;NA;4635;NA;116201;32735.5;NA;8398.5100000000002;8433.5;257809;750;450;120;750;800;850;0;100;140;175;0;90;21300;1590;22890;78073.029999999999;8321.0300000000007;86394;13728.35;625;14353.35;5267.0799999999999;14016.610000000001;800;8911.6599999999999;152633;55833.199999999997;8225.5900000000001;29367.91;2594.23;1755.98;6610.1400000000003;104387;257020;257809;789.27999999999997;NA;21;0;10;0;123;44;198;1;0;0;2;222;25;250;448;0;0;10;11;5;0;24;0;19;30;36;41;35;20;29;91;351;7;14;18;25;22;11;97;448;0;1;1;0;0;0;0;0;7;8;10;6;3;4;3;2;10;6;3;62;2;2;1;1;4;4;1;0;2;0;1;18
109;1;BREST;34;1842;6918.9399999999996;3246.1100000000001;3672.8299999999999;93265.279999999999;NA;67131;3200;11045;NA;218680;46191.650000000001;2000;11127.99;58172.349999999999;510813;800;475;150;750;800;850;1000;100;140;175;250;90;26100;2270;28370;164652.73000000001;23657.610000000001;188310;10200;2816.6599999999999;13016.66;11417.549999999999;21901.810000000001;1400;15893.33;280310;104612.64999999999;26976.419999999998;35778.599999999999;3103.8400000000001;1788.28;48918.379999999997;221178;501488;510813;9325.0599999999995;NA;33;3;16;66;242;33;393;3;76;15;31;383;0;508;901;5;10;180;144;9;2;20;1;29;34;46;46;74;64;43;55;762;0;6;16;29;47;41;139;901;0;0;13;10;130;0;0;0;15;13;19;16;22;23;39;24;40;34;27;272;0;3;2;5;8;1;1;2;2;1;3;28
110;2;LAVAL;58;1841;26106.599999999999;3871;22235.599999999999;83027.5;1200;15200;21700;7000;NA;144008;17187;17;38346.669999999998;17401.970000000001;345088;700;425;170;700;750;800;0;100;125;150;0;90;28000;2530;30530;76208.889999999999;11348.6;87557;16148.34;5034.6800000000003;21183.02;2825;21776.630000000001;700;12184.440000000001;179757;92977.039999999994;19712.630000000001;15894.82;4218.2299999999996;1496.6099999999999;14932.559999999999;149232;328988;345088;16099.42;NA;16;48;16;0;159;54;293;0;0;0;4;172;0;176;469;0;0;21;11;11;0;29;1;18;23;31;24;32;26;25;91;343;0;5;11;20;42;48;126;469;0;0;0;3;0;0;0;0;2;2;4;3;9;4;3;4;2;4;3;40;3;4;3;3;6;5;6;3;4;4;4;45
111;1;LORIENT;62;1863;7492;2867;4625;69298.619999999995;8100;22692.5;2720;9222.5;22121.380000000001;40842;23785.869999999999;NA;2823.5300000000002;5054.3699999999999;206661;800;475;120;750;800;850;0;100;140;170;0;90;18783.330000000002;255.55000000000001;19038.880000000001;67504.440000000002;8511.9400000000005;76016;14267.49;2582.0599999999999;16849.549999999999;7100;12739.969999999999;1000;7348.3299999999999;140093;33907.169999999998;9053.3999999999996;14269.360000000001;2165.71;1555.4000000000001;2580.8499999999999;63532;203625;206661;3035.77;NA;25;2;0;15;35;38;115;3;29;54;25;197;0;308;423;0;0;28;71;8;2;10;2;8;19;32;34;32;16;27;44;333;0;11;4;16;32;27;90;423;0;0;0;0;17;0;4;0;6;3;2;3;1;6;4;5;6;2;3;41;0;1;1;2;3;2;3;3;0;2;0;17
112;3;NANTES(G);81;1803;17425.419999999998;8855.4200000000001;8570;125426.67;300;22958.25;NA;13717.5;1530;75766;56452.18;NA;10135.99;3609.5500000000002;309896;900;525;150;850;900;950;1000;140;175;225;300;90;30168.330000000002;3430;33598.330000000002;120640.53999999999;16308.110000000001;136949;19632.790000000001;3901.25;23534.040000000001;6475;15281.08;1050;10858.32;227745;43261.93;7050.9300000000003;19977.34;4310.0299999999997;1714.24;2428.6999999999998;78743;306489;309896;3407.5500000000002;NA;26;0;17;0;58;49;150;2;0;4;8;201;0;215;365;8;10;63;19;21;1;21;5;23;35;16;19;14;17;10;17;299;0;6;6;16;15;23;66;365;0;1;8;17;2;1;1;2;0;0;6;5;5;0;7;3;1;10;8;45;0;0;0;1;0;0;1;0;3;2;2;9
113;3;NANTES-PL(G);82;NA;-0.01;-0.01;-0.01;-0.01;-0.01;-0.01;-0.01;-0.01;-0.01;NA;-0.01;-0.01;-0.01;-0.01;NA;NA;NA;NA;NA;NA;NA;NA;NA;NA;NA;NA;NA;-0.01;-0.01;-0.01;-0.01;-0.01;NA;-0.01;-0.01;-0.01;-0.01;-0.01;-0.01;-0.01;NA;-0.01;-0.01;-0.01;-0.01;-0.01;-0.01;NA;NA;NA;-0.01;-0.01;0;0;3;0;0;8;11;1;0;4;19;172;0;196;207;0;0;0;0;0;0;0;0;0;0;24;20;23;23;24;93;207;0;0;0;0;0;0;0;207;NA;NA;NA;NA;NA;NA;NA;NA;NA;NA;NA;NA;NA;NA;NA;NA;NA;NA;NA;NA;NA;NA;NA;NA;NA;NA;NA;NA;NA;NA;NA;NA
114;3;PONTIVY;95;1803;10450;5253;5197;76379.160000000003;500;9694.5;2400;2700;NA;33119;12740;NA;10547.83;4935.75;153016;650;400;100;600;650;700;0;80;100;120;0;90;16750;1550;18300;43901.940000000002;5745;49647;13050;4211.8199999999997;17261.82;3716.0700000000002;7823.5900000000001;700;5240;102688;24468.650000000001;5648.9300000000003;8187.3900000000003;1707.3399999999999;738.86000000000001;4418.6000000000004;45169;147858;153016;5158.8000000000002;NA;20;4;6;0;54;3;87;2;0;0;28;176;0;206;293;0;0;10;4;13;1;6;0;11;8;14;18;18;16;12;49;180;4;4;6;25;26;48;113;293;0;0;0;0;0;0;0;0;0;2;5;4;2;3;0;1;9;1;0;27;4;1;6;2;0;5;3;0;3;1;0;25
115;4;QUIMPER;97;1886;14721.33;6495.0500000000002;8226.2800000000007;83373.600000000006;NA;23553.75;NA;4290;NA;42372;11285.5;NA;3902.8099999999999;11539.280000000001;180316;600;375;90;600;650;700;0;80;100;120;0;90;17526.650000000001;408.32999999999998;17934.98;46728.32;5923.6000000000004;52652;10575;3232;13807;3300;7117.9799999999996;1000;5613.3000000000002;101425;34372.32;4575.5600000000004;16096.549999999999;2160.0900000000001;1207.78;8525.7000000000007;66938;168363;180316;11953.26;NA;49;0;2;0;76;4;131;0;0;7;19;130;0;156;287;0;0;14;7;7;0;11;0;9;26;16;25;22;12;18;37;204;4;7;6;17;25;24;83;287;0;0;0;0;0;0;0;0;0;0;0;0;0;0;0;0;0;145;2;147;0;0;0;0;0;0;0;0;0;86;1;87
116;5;RENNES;100;1803;16300;5530;10770;130465.28;1200;20407.5;10462.5;1950;800;124368;35545;NA;865.98000000000002;10942.190000000001;337006;750;450;150;750;800;850;1000;100;140;175;250;90;23850;1307.5;25157.5;108770.25;10124.719999999999;118895;26615.540000000001;3310.5599999999999;29926.099999999999;6300;16607.189999999999;1000;8564.7999999999993;206451;79166.5;13942.790000000001;17085.669999999998;2896.6399999999999;1399.1099999999999;7598.1000000000004;122089;328539;337006;8466.8299999999999;NA;32;18;3;1;140;32;226;5;0;0;34;268;0;307;533;11;12;47;7;20;0;25;0;29;33;37;32;25;24;35;94;431;8;14;17;20;30;13;102;533;0;4;16;11;0;0;2;1;9;7;8;6;7;2;8;8;12;17;7;91;2;1;3;1;2;1;2;2;2;0;1;17
117;1;SAINT-BRIEUC;108;1848;17668.389999999999;3696.5999999999999;13971.790000000001;81000;NA;12054.370000000001;455;NA;NA;71043;11178;NA;2926.29;7949.4399999999996;186606;650;400;0;600;650;700;0;80;100;120;0;90;19683.34;1591.6600000000001;21275;55176.129999999997;6671.0600000000004;61847;6121.1199999999999;1650;7771.1199999999999;5034.7200000000003;8583.3099999999995;700;6712.5;111924;43384.160000000003;10810.940000000001;14170.73;2228.4499999999998;1051.5999999999999;5250.4200000000001;76896;188820;186606;NA;2214.4400000000001;23;0;0;0;87;11;121;0;0;0;30;133;0;163;284;0;0;16;6;12;0;14;0;8;20;18;16;22;20;10;53;215;0;0;15;16;29;9;69;284;0;0;0;0;0;0;0;0;0;0;0;12;6;3;6;4;7;6;7;51;0;0;0;1;4;2;2;4;2;4;2;21
118;0;TOULOUSE;0;NA;-0.01;-0.01;-0.01;-0.01;-0.01;-0.01;-0.01;-0.01;-0.01;NA;-0.01;-0.01;-0.01;-0.01;NA;NA;NA;NA;NA;NA;NA;NA;NA;NA;NA;NA;NA;-0.01;-0.01;-0.01;-0.01;-0.01;NA;-0.01;-0.01;-0.01;-0.01;-0.01;-0.01;-0.01;NA;-0.01;-0.01;-0.01;-0.01;-0.01;-0.01;NA;NA;NA;-0.01;-0.01;NA;NA;NA;NA;NA;NA;NA;NA;NA;NA;NA;NA;NA;NA;NA;NA;NA;NA;NA;NA;NA;NA;NA;NA;NA;NA;NA;NA;NA;NA;NA;NA;NA;NA;NA;NA;NA;NA;NA;NA;NA;NA;NA;NA;NA;NA;NA;NA;46;36;51;44;67;39;56;60;59;52;219;729;7;4;6;11;7;9;8;9;6;8;67;142
119;1;ALBI;15;1862;9785;3148.4400000000001;6636.5600000000004;70000;NA;9071.25;3975;1453.5;NA;60863;14616.5;NA;2087.98;6323.8000000000002;168391;650;400;90;600;650;700;0;80;100;120;0;90;17900;900;18800;46451.360000000001;5744.1700000000001;52196;10350;2950;13300;3800;10336.370000000001;800;6729.9899999999998;105962;36660.459999999999;5634.3999999999996;11675.43;1737.3699999999999;1101.05;4744.2600000000002;61553;167515;168391;876.37;NA;12;6;0;0;80;23;121;2;0;16;26;148;0;192;313;0;0;17;9;9;4;12;6;13;25;15;22;19;22;17;44;234;0;3;7;20;32;17;79;313;0;0;0;1;0;0;0;0;1;1;0;2;3;0;1;2;2;2;6;20;0;0;0;0;1;0;0;0;0;3;2;6
120;1;AUCH;21;1833;6302;3547;2755;79718.320000000007;NA;8026.5;4965;1350;180;67424;6569.25;459;5629.1000000000004;8351.5699999999997;182673;600;375;90;600;650;700;0;80;100;120;0;90;18100;1725;19825;46878.290000000001;2673.3200000000002;49552;9300;2597.5;11897.5;4600;9997.6800000000003;800;7045;103717;39759.779999999999;7710.8500000000004;12828.469999999999;1834.97;681.85000000000002;6891.7700000000004;69708;173424;182673;9248.2000000000007;NA;13;11;0;1;105;22;152;0;0;17;14;77;0;108;260;0;0;9;11;10;0;9;7;12;19;20;17;23;16;14;19;186;1;7;5;22;26;13;74;260;0;0;0;0;0;0;0;0;1;0;1;1;0;2;1;2;2;2;5;17;0;0;0;2;0;0;0;0;0;0;1;3
121;1;CAHORS;36;1803;13744.91;4213.3699999999999;9531.5400000000009;47000;260;14438.25;NA;1950;7620;72132;17944.5;NA;988.90999999999997;8954.9200000000001;171288;650;400;90;650;700;750;0;90;110;130;0;90;18493.84;1497.23;19991.07;49454.739999999998;7512.7700000000004;56968;10825.57;1278.6099999999999;12104.18;4830;7937.1199999999999;800;6835;109465;39489.379999999997;8772.6299999999992;10517.200000000001;1830.3599999999999;500;6792.8800000000001;67902;177367;171288;NA;6079;30;0;3;12;104;5;154;3;0;0;36;167;0;206;360;0;0;16;12;21;4;11;6;24;31;34;28;23;26;16;45;297;0;10;4;16;19;14;63;360;0;0;0;0;0;0;0;0;0;0;0;0;3;2;0;3;2;5;3;18;0;0;0;0;0;0;0;0;0;1;0;1
122;1;FOIX;51;1887;21325;5910.6499999999996;15414.35;22935.810000000001;NA;3786.75;NA;96;NA;574;2212;NA;15319.5;9241.6499999999996;54165;550;350;80;500;550;600;0;60;80;100;0;0;4116.6800000000003;495.82999999999998;4612.5100000000002;10466.540000000001;1700.48;12167;3310.8200000000002;430.66000000000003;3741.48;421.67000000000002;1266.05;120.83;1619.95;23950;10742.809999999999;684.27999999999997;13413.17;NA;696.89999999999998;13634.190000000001;39171;63121;54165;NA;8955.3999999999996;27;0;0;0;77;17;121;2;0;4;0;109;0;115;236;0;0;6;7;5;0;14;7;12;26;15;17;16;16;16;21;178;0;0;4;6;24;24;58;236;0;0;0;0;0;0;0;0;0;0;0;0;0;0;0;0;0;0;148;148;0;0;0;0;0;0;0;0;0;0;59;59
123;3;MONTAUBAN(G);70;1864;46000;6600;39400;81650;NA;8922.5;8086.25;NA;NA;41263;15534.5;NA;8003.8100000000004;6606.5799999999999;170066;650;400;0;600;650;700;0;80;100;120;0;90;19491.66;771.38;20263.040000000001;47933.300000000003;5406.6700000000001;53340;13772.219999999999;3156.6599999999999;16928.880000000001;3850;6993.0299999999997;750;6926.6000000000004;109052;27467.599999999999;4706.2600000000002;20368.450000000001;1799.8499999999999;843.60000000000002;4958.5900000000001;60144;169196;170066;870.51999999999998;NA;15;27;0;0;48;12;102;0;0;0;14;173;0;187;289;0;0;19;5;4;0;14;1;15;21;25;24;30;15;11;28;212;5;6;11;13;27;15;77;289;0;0;0;0;0;0;0;0;0;0;0;0;4;12;6;3;11;3;3;42;0;0;0;0;1;2;2;0;0;0;1;6
124;4;RODEZ;105;1803;8620.8999999999996;3774.3499999999999;4846.5500000000002;59466.660000000003;1050;12387.5;800;455;NA;74771;14024;975.20000000000005;1936.55;6602.3999999999996;172468;650;400;90;600;650;700;0;80;100;120;0;90;18600;1000;19600;44700;9112.5;53813;9500;2271.6599999999999;11771.66;4780;10794.709999999999;575;7121.25;108456;42344.07;10136.889999999999;9733.1599999999999;1911.5699999999999;1195.27;5439.4499999999998;70760;179216;172468;NA;6747.4700000000003;19;2;0;0;121;9;151;2;0;0;33;148;0;183;334;0;0;18;10;11;0;30;0;19;24;28;23;32;21;17;29;262;0;4;15;13;30;10;72;334;0;0;0;0;0;0;0;0;9;12;6;10;10;4;7;6;4;2;7;77;1;1;2;4;2;2;5;4;1;1;1;24
125;3;TARBES;113;1853;6640;2798;3842;78595.830000000002;500;9840;2251.25;1800;NA;49539;19094.130000000001;240;613.75;7828.75;170303;600;450;90;600;650;700;0;80;100;120;0;90;16954.41;1375;18329.41;52937.18;2804.1300000000001;55741;15150;812.5;15962.5;5367.7700000000004;9171.3199999999997;800;8414.1700000000001;113786;33295.129999999997;4063.8699999999999;10328;2540.8499999999999;846.84000000000003;4647.0699999999997;55722;169508;170303;794.34000000000003;NA;16;5;3;0;77;22;123;1;1;0;33;201;0;236;359;0;0;19;12;5;0;7;7;23;31;21;27;29;33;26;46;286;7;9;10;18;18;11;73;359;0;0;0;2;0;0;0;0;5;5;12;5;6;4;6;10;9;3;8;73;2;1;0;0;0;2;1;2;3;2;2;15
126;3;TOULOUSE(G);115;1803;26739.950000000001;12884.950000000001;13855;65691.669999999998;600;38557.5;1050;24825;NA;327794;106415.34;120;21446.73;37703.099999999999;624203;900;525;150;900;950;1000;1100;150;200;250;300;90;35320.830000000002;3107.1799999999998;38428.010000000002;177513.89000000001;25987.240000000002;203501;34130.82;4783.3500000000004;38914.169999999998;14200;37923.739999999998;1800;20886.240000000002;355653;129576.03;28842.880000000001;71847.25;5362.8900000000003;1799.5699999999999;26051.009999999998;263480;619133;624203;5070.4200000000001;NA;61;1;31;0;313;91;497;13;1;32;90;508;66;710;1207;44;33;100;25;50;5;58;26;66;92;91;91;112;75;69;91;1028;11;16;22;52;43;35;179;1207;1;9;51;41;7;2;3;1;30;18;32;26;41;15;35;34;29;35;39;334;4;2;4;5;3;3;0;3;2;1;1;28
